compound,date,negative,positive,source,text,tweets ago
-0.7845,Thu Dec 14 02:00:25 +0000 2017,0.496,0.0,@FoxNews,Russell Simmons accused of rape by four women https://t.co/PjnzKfIGrB,1
0.128,Thu Dec 14 01:45:43 +0000 2017,0.113,0.136,@FoxNews,"On #TheStory, @GovMikeHuckabee said ""we can do better"" when it comes to disagreeing with people's political beliefs… https://t.co/X0vYZYrsY9",2
-0.296,Thu Dec 14 01:41:17 +0000 2017,0.155,0.0,@FoxNews,".@tavissmiley accused of sexual misconduct, @PBS 'indefinitely' suspends show's distribution, report says https://t.co/MZC0Vf8KjB",3
0.0,Thu Dec 14 01:34:49 +0000 2017,0.0,0.0,@FoxNews,".@KimStrassel on getting the @FBI to cooperate with Congress' investigations: ""The @WhiteHouse is going to have to… https://t.co/UxCdcK1Jls",4
0.0,Thu Dec 14 01:22:18 +0000 2017,0.0,0.0,@FoxNews,".@JonathanTurley on possible investigation into the Russia probe: ""Let's have an independent and full investigation… https://t.co/MvdRvCMkbL",5
-0.6249,Thu Dec 14 01:03:51 +0000 2017,0.231,0.0,@FoxNews,".@GovMikeHuckabee on critics of his daughter: ""Politics doesn't have to be personal attacks on people. You can disa… https://t.co/bi6RDpUukR",6
0.4939,Thu Dec 14 01:01:35 +0000 2017,0.0,0.151,@FoxNews,".@GovMikeHuckabee on Mika Brzezinski's comments on @PressSec: ""It just amazes me that even the women who say they'r… https://t.co/YOls8hEIjW",7
0.1027,Thu Dec 14 01:01:14 +0000 2017,0.086,0.152,@FoxNews,An empty @Airbus plane was feeling the #Christmas spirit Wednesday as it mapped out a Christmas tree – with ornamen… https://t.co/hrAteHJAfH,8
0.6833,Thu Dec 14 00:51:52 +0000 2017,0.0,0.188,@FoxNews,".@Jim_Jordan on Peter Strzok's text messages: ""This guy, who thought he was James Bond, this super agent guy at the… https://t.co/oA90ofjZmI",9
0.0,Thu Dec 14 00:49:07 +0000 2017,0.0,0.0,@FoxNews,".@Jim_Jordan on Peter Strzok: ""He needs to be in front of the judiciary committee ASAP.""  https://t.co/9qYndxcPXr https://t.co/EdKpvzvvaV",10
-0.4404,Thu Dec 14 00:41:08 +0000 2017,0.33,0.168,@FoxNews,.@TGowdySC: Mueller Probe 'Conflicts of Interest' Troublesome for an 'Objective FBI' https://t.co/dqLWbJ2aUJ,11
0.0,Thu Dec 14 00:36:39 +0000 2017,0.0,0.0,@FoxNews,".@AdamKinzinger on economy since @POTUS took office: ""People have reacted to [@realDonaldTrump's] presidency with 3… https://t.co/iGgPJAuJNg",12
0.4767,Thu Dec 14 00:33:04 +0000 2017,0.0,0.134,@FoxNews,".@AdamKinzinger on final tax bill: ""This is tax relief for everybody and it's gonna drive up middle class wages, it… https://t.co/awYUCFLtNu",13
0.0,Thu Dec 14 00:30:27 +0000 2017,0.0,0.0,@FoxNews,".@JessicaTarlov on anti-Trump text messages from FBI agents: ""We are a completely divided, partisan country at this… https://t.co/5x65Oh6ahW",14
0.4019,Thu Dec 14 00:24:06 +0000 2017,0.0,0.184,@FoxNews,WATCH: @jessebwatters Invites Special Guest for New Installment of 'Mom Texts' #TheFive https://t.co/OZTkUbsgqN,15
-0.8658,Thu Dec 14 00:15:21 +0000 2017,0.447,0.0,@FoxNews,"CNN now blames Anderson Cooper's assistant, mysterious gym 'hacker' for crude insult to Trump https://t.co/7kdak5PQdO",16
0.0,Thu Dec 14 00:12:31 +0000 2017,0.0,0.0,@FoxNews,".@TGowdySC on anti-Trump text messages: ""The notion that three [FBI] agents would be conspiring or plotting on how… https://t.co/wF1Bx7RJ5N",17
-0.1513,Thu Dec 14 00:08:35 +0000 2017,0.158,0.133,@FoxNews,".@TGowdySC on anti-Trump text messages: ""These are really bad facts if you care about an impartial, objective Depar… https://t.co/m3HfPeWH5q",18
-0.5423,Wed Dec 13 23:57:44 +0000 2017,0.149,0.0,@FoxNews,".@JonahNRO on anti-Trump texts sent by former Mueller aide: ""The optics on that look bad and I think it is...a hot… https://t.co/CCaNsTvW4J",19
-0.2411,Wed Dec 13 23:48:57 +0000 2017,0.089,0.0,@FoxNews,".@Marcshort45 on tax reform: ""I'm not sure the Democrats should be holding up the example of ObamaCare as one that… https://t.co/GjnCYZZH8Q",20
0.3612,Wed Dec 13 23:41:55 +0000 2017,0.0,0.116,@FoxNews,"RT @FoxNewsResearch: •Always Ready, Always There•
#OTD 1636, Origins of the Army National Guard were organized
•First militia regiments org…",21
-0.5423,Wed Dec 13 23:30:18 +0000 2017,0.28,0.0,@FoxNews,Cuomo calls female reporter's harassment question a 'disservice to women' https://t.co/PhlH5aArXu,22
-0.3182,Wed Dec 13 23:04:38 +0000 2017,0.277,0.0,@FoxNews,".@OMAROSA resigns from #Trump administration job 
https://t.co/nc2kPw4keS",23
0.6353,Wed Dec 13 22:48:01 +0000 2017,0.0,0.214,@FoxNews,".@Joy_Villa: ""@IvankaTrump actually pulled me aside and she said, 'I really want you to run. We need more strong wo… https://t.co/I2sxSS86ud",24
0.0,Wed Dec 13 22:39:45 +0000 2017,0.0,0.0,@FoxNews,".@SenJohnMcCain: ""Senator McCain is currently receiving treatment at Walter Reed Medical Center for normal side eff… https://t.co/CCHVOj3URV",25
0.7906,Wed Dec 13 22:39:05 +0000 2017,0.0,0.308,@FoxNews,"Pastor Leon Benjamin: ""It's time that we recognize that our president is making good on his promises. Thank you, Mr… https://t.co/WVCSXaf2J3",26
-0.5719,Wed Dec 13 22:37:09 +0000 2017,0.163,0.0,@FoxNews,".@kimguilfoyle: ""On ABC, CBS, and NBC, the reporting on @POTUS has been 91% negative over the past three months.""… https://t.co/RNpOB90qAV",27
-0.5859,Wed Dec 13 22:35:43 +0000 2017,0.286,0.0,@FoxNews,"Alabama's Doug Jones facing early pressure to vote with GOP, after upset victory https://t.co/OKY2tn7rXG",28
-0.6705,Wed Dec 13 22:25:00 +0000 2017,0.29,0.0,@FoxNews,"New York store owner, 80, shot and killed over 50 cents https://t.co/t8MTqk6cY1",29
-0.1027,Wed Dec 13 22:23:12 +0000 2017,0.123,0.0,@FoxNews,Texts of FBI agents reveal anti-Trump bias; Catherine Herridge reports. https://t.co/Nca2OnrKJt,30
0.0,Wed Dec 13 22:18:22 +0000 2017,0.0,0.0,@FoxNews,".@jessebwatters: ""[Roy Moore] is not a normal Republican candidate. The fact that you beat him by a hair I don't th… https://t.co/1PjIkKKFaT",31
-0.6597,Wed Dec 13 22:15:17 +0000 2017,0.375,0.0,@FoxNews,NYC subway bomb suspect appears in court from hospital bed https://t.co/XRdWD4VmPZ,32
0.2263,Wed Dec 13 22:13:54 +0000 2017,0.08,0.118,@FoxNews,"In his final speech pushing tax reform, @POTUS said the new tax guidelines favored the ""forgotten men and women of… https://t.co/8MhrvtVY1A",33
0.34,Wed Dec 13 22:12:56 +0000 2017,0.0,0.118,@FoxNews,".@cathymcmorris on tax reform bill: ""It is pro-family. It is pro-economic growth...I am excited about what it means… https://t.co/bifswWOeQP",34
0.5859,Wed Dec 13 21:52:02 +0000 2017,0.0,0.226,@FoxNews,".@SenatorStrange: ""I've been honored to serve and looking forward to the next chapter."" https://t.co/wMQ2tmLYv7",35
-0.3612,Wed Dec 13 21:49:08 +0000 2017,0.172,0.0,@FoxNews,.@POTUS made his closing argument for passing a sweeping tax reform package.  https://t.co/XomMrv6nNb https://t.co/gcs4i4YlR8,36
0.0,Wed Dec 13 21:36:26 +0000 2017,0.0,0.0,@FoxNews,".@KarlRove: ""Alabama remains a deep red state... The Republicans nominated the one person who could squander the se… https://t.co/tci1WO8XCE",37
-0.0516,Wed Dec 13 21:32:30 +0000 2017,0.13,0.0,@FoxNews,Report: Omarosa 'physically dragged' from White House grounds https://t.co/KFIaQWMX8q,38
-0.3612,Wed Dec 13 21:26:19 +0000 2017,0.116,0.0,@FoxNews,".@GDouglasJones: ""Going forward, this country has a debt that we owe to women everywhere who have had to endure the… https://t.co/13rZQsWYwe",39
-0.296,Wed Dec 13 21:23:55 +0000 2017,0.136,0.0,@FoxNews,"Trump announces Americans will see tax cuts by February, if plan passes on schedule https://t.co/pwn8hIeAqD",40
0.5859,Wed Dec 13 21:16:46 +0000 2017,0.0,0.202,@FoxNews,".@GDouglasJones: ""It has been an amazing day today. I have received calls from so many well-wishers."" https://t.co/HVH8FOZ5QW",41
0.0772,Wed Dec 13 21:15:16 +0000 2017,0.0,0.115,@FoxNews,".@GDouglasJones: ""I want to get involved as soon as I can."" https://t.co/s9gkoTVxva",42
0.0,Wed Dec 13 21:13:55 +0000 2017,0.0,0.0,@FoxNews,RT @FoxBusiness: #BreakingNews: The Dow Jones Industrial Average closed the day at a new record high. This is the 68th record close for the…,43
0.0,Wed Dec 13 21:12:08 +0000 2017,0.0,0.0,@FoxNews,".@GDouglasJones: We will ""try to find common ground."" https://t.co/DWETLgOgIl",44
0.7845,Wed Dec 13 21:07:45 +0000 2017,0.0,0.408,@FoxNews,".@SenatorStrange: ""I'm honored to have served... I'm proud of my record."" https://t.co/nfLqqPSd9Y",45
-0.1945,Wed Dec 13 21:07:19 +0000 2017,0.266,0.151,@FoxNews,".@SenatorStrange: ""I'm not bitter at all... There's no whining in politics."" https://t.co/ILAnk5uFXV",46
0.5859,Wed Dec 13 21:06:59 +0000 2017,0.0,0.192,@FoxNews,".@SenatorStrange: ""It is bittersweet... I've been honored to serve and looking forward to the next chapter."" https://t.co/tHllcUxmPb",47
0.7424,Wed Dec 13 21:06:18 +0000 2017,0.0,0.27,@FoxNews,Little brother to the rescue! When two-year-old Jash Lewis thought his sister needed help during her wrestling matc… https://t.co/trf4zhAMvc,48
-0.5859,Wed Dec 13 21:06:15 +0000 2017,0.286,0.0,@FoxNews,"Alabama's Doug Jones facing early pressure to vote with GOP, after upset victory https://t.co/OKY2tmPQz6",49
0.4767,Wed Dec 13 20:55:05 +0000 2017,0.0,0.279,@FoxNews,".@POTUS: ""We're proud to be The Deplorables."" https://t.co/rcgOINk3EO https://t.co/xKVOXNYanT",50
0.2263,Wed Dec 13 20:43:17 +0000 2017,0.08,0.118,@FoxNews,"In his final speech pushing tax reform, @POTUS said the new tax guidelines favored the ""forgotten men and women of… https://t.co/Vs8oUDdgzi",51
0.7906,Wed Dec 13 20:29:39 +0000 2017,0.0,0.308,@FoxNews,"Pastor Leon Benjamin: ""It's time that we recognize that our president is making good on his promises. Thank you, Mr… https://t.co/zTmKH1RXc5",52
0.399,Wed Dec 13 20:29:12 +0000 2017,0.0,0.124,@FoxNews,"RT @FoxBusiness: .@POTUS on tax reform: “We'll have very little Democratic support, probably none. And that's purely for political reasons.…",53
0.4767,Wed Dec 13 20:26:02 +0000 2017,0.0,0.162,@FoxNews,".@POTUS: ""Somebody else called me and everybody else 'the Deplorables'... We're proud to be The Deplorables."" https://t.co/cMoXerIJTP",54
0.128,Wed Dec 13 20:24:53 +0000 2017,0.0,0.073,@FoxNews,"RT @FoxBusiness: .@POTUS: “55 years ago this week, President John F. Kennedy – a Democrat – launched a historic effort to pass sweeping, to…",55
-0.296,Wed Dec 13 20:24:26 +0000 2017,0.099,0.0,@FoxNews,"RT @FoxBusiness: .@POTUS: If Congress sends me a bill before Christmas, Americans will see lower taxes beginning in February. Just two shor…",56
-0.2023,Wed Dec 13 20:24:20 +0000 2017,0.114,0.071,@FoxNews,"RT @FoxBusiness: .@POTUS: ""We want to give you, the American people, a giant tax cut for Christmas."" https://t.co/UiTm6Lxm6u",57
-0.4404,Wed Dec 13 20:21:25 +0000 2017,0.195,0.0,@FoxNews,".@POTUS: ""Unemployment is at a 17-year low... Pension and retirement accounts are soaring."" https://t.co/dtu9f3ExnY",58
0.7906,Wed Dec 13 20:19:53 +0000 2017,0.0,0.308,@FoxNews,"Pastor Leon Benjamin: ""It's time that we recognize that our president is making good on his promises. Thank you, Mr… https://t.co/h8XKfVjB2D",59
-0.128,Wed Dec 13 20:19:23 +0000 2017,0.081,0.0,@FoxNews,".@POTUS: ""Lowering taxes is neither a Republican or Democrat idea, but an American principle and an American idea."" https://t.co/JrjXWd7Yoz",60
0.5859,Wed Dec 13 20:09:49 +0000 2017,0.0,0.257,@FoxNews,".@POTUS: ""Millions of middle class families will win under our plan."" https://t.co/EEVNwNhq0b",61
0.6705,Wed Dec 13 20:07:50 +0000 2017,0.0,0.244,@FoxNews,".@POTUS: ""America is coming back bigger, and better, and stronger than ever before... America isn't content just by… https://t.co/4LfzgXBdjT",62
0.4767,Wed Dec 13 20:07:15 +0000 2017,0.0,0.307,@FoxNews,".@POTUS: ""As a country we're being respected again."" https://t.co/KontxpMFl6",63
0.1779,Wed Dec 13 20:06:04 +0000 2017,0.0,0.221,@FoxNews,".@POTUS: ""It makes America competitive again."" https://t.co/2yLonOBbGZ",64
-0.5367,Wed Dec 13 20:04:59 +0000 2017,0.19,0.0,@FoxNews,".@POTUS: ""The typical family of 4 earning $75,000 will see an income tax cut of more than $2,000, slashing their ta… https://t.co/9z0W8X1n4x",65
-0.2023,Wed Dec 13 20:04:07 +0000 2017,0.128,0.079,@FoxNews,".@POTUS: ""We want to give you, the American people, a giant tax cut for Christmas."" https://t.co/d5RSBZ5sdg",66
0.1027,Wed Dec 13 20:03:45 +0000 2017,0.102,0.121,@FoxNews,".@POTUS: ""As a candidate, I promised we would pass a massive tax cut for the everyday working American families who… https://t.co/NlGuwNO1tv",67
-0.2732,Wed Dec 13 20:01:35 +0000 2017,0.095,0.0,@FoxNews,"""The bill is going to cut taxes for American businesses, both big ones and small ones.""

EARLIER: @POTUS speaks at… https://t.co/6HzNgMlNnB",68
0.0,Wed Dec 13 20:00:46 +0000 2017,0.0,0.0,@FoxNews,SOON: @POTUS to give speech on taxes. https://t.co/GJnrSqyPHU,69
0.0,Wed Dec 13 20:00:06 +0000 2017,0.0,0.0,@FoxNews,TUNE IN: Senator @lutherstrange joins @TeamCavuto on “Your World” at 4p ET on Fox News Channel! https://t.co/c4sagwSdWn,70
0.0,Wed Dec 13 19:58:51 +0000 2017,0.0,0.0,@FoxNews,".@SpeakerRyan: ""Workers in 2018 will see more money in their paychecks because the tax code is going to be taking l… https://t.co/usZqoSkuXs",71
0.4939,Wed Dec 13 19:38:59 +0000 2017,0.0,0.186,@FoxNews,".@FLOTUS hugs the child of a military family during a ""Toys for Tots"" event in #WashingtonDC https://t.co/R0HPQFkf5d",72
-0.7003,Wed Dec 13 19:37:47 +0000 2017,0.392,0.0,@FoxNews,Heartbreaking video of starving polar bear stirs controversy among conservationists https://t.co/oT35oF4ZoN,73
-0.4588,Wed Dec 13 19:33:17 +0000 2017,0.2,0.0,@FoxNews,.@johnfund: Rule of law under siege: How rampant anti-Trump bias in the Russia probe threatens our democracy https://t.co/BohK5jKZHz,74
-0.2732,Wed Dec 13 19:32:01 +0000 2017,0.16,0.0,@FoxNews,".@Judgenap: Too Early to Say Mueller Probe Is Biased Against Trump
https://t.co/A9IiLid8sX",75
0.0,Wed Dec 13 19:22:03 +0000 2017,0.0,0.0,@FoxNews,".@RepSteveChabot: ""Let me just review a few facts about the supposedly 'unbiased' group of people that Mr. Mueller… https://t.co/sMBYfTSMql",76
-0.516,Wed Dec 13 19:15:44 +0000 2017,0.217,0.0,@FoxNews,".@RepPeteKing tweets that it's time for the GOP to ""DUMP Steve Bannon."" https://t.co/hc0D24tTFj",77
0.0,Wed Dec 13 19:10:00 +0000 2017,0.0,0.0,@FoxNews,Secret Santa pays off nearly $50G of layaways at Walmart in New Jersey (via @travfed)  https://t.co/yD08gik09j,78
-0.3182,Wed Dec 13 19:05:05 +0000 2017,0.119,0.0,@FoxNews,".@TGowdySC: ""This 'conflict of interest-free' senior agent of the FBI can't think of a single solitary American who… https://t.co/w32H0AZRai",79
-0.2732,Wed Dec 13 18:58:55 +0000 2017,0.095,0.0,@FoxNews,"""The bill is going to cut taxes for American businesses, both big ones and small ones.""

MOMENTS AGO: @POTUS speaks… https://t.co/6F7JEWFTX2",80
0.128,Wed Dec 13 18:55:00 +0000 2017,0.134,0.166,@FoxNews,"Las Vegas shooting victim leaves hospital, returns home for holidays (via @byKatherineLam)  https://t.co/KkkVGTyNP1",81
0.6801,Wed Dec 13 18:54:38 +0000 2017,0.0,0.219,@FoxNews,".@KatiePavlich: ""I don't think Steve Bannon wants to be in the Republican Party. He's made it very clear that his g… https://t.co/8dolsB4IzT",82
0.0,Wed Dec 13 18:49:39 +0000 2017,0.0,0.0,@FoxNews,"On @foxandfriends, @MichelleMalkin sounded off on the diversity visa program. https://t.co/oEOPiTKyFY https://t.co/nlB7f11ex8",83
-0.3818,Wed Dec 13 18:45:39 +0000 2017,0.265,0.0,@FoxNews,Rosenstein stands by Mueller probe as Republicans fume over 'insider bias' https://t.co/f3F4YhVzlC,84
-0.4215,Wed Dec 13 18:40:00 +0000 2017,0.203,0.0,@FoxNews,Controversy swirls around viral video of starving polar bear (via @jamesjrogers)  https://t.co/oT35oENo0d,85
0.0,Wed Dec 13 18:25:00 +0000 2017,0.0,0.0,@FoxNews,"State Department investigating injuries, deaths linked to alcohol consumption in Mexico https://t.co/NicvCdx7fE",86
0.0,Wed Dec 13 18:09:22 +0000 2017,0.0,0.0,@FoxNews,Republicans see silver lining in Doug Jones victory in Alabama (via @AlexPappas)  https://t.co/lqAak4d92v,87
-0.2732,Wed Dec 13 17:59:05 +0000 2017,0.095,0.0,@FoxNews,".@POTUS: ""The bill is going to cut taxes for American businesses, both big ones and small ones... Right now they're… https://t.co/03uWLD6Ss6",88
-0.296,Wed Dec 13 17:54:16 +0000 2017,0.167,0.0,@FoxNews,"Mom accused of subjecting son to 323 hospital visits, 13 surgeries https://t.co/7TZCyPYCVA",89
0.4939,Wed Dec 13 17:44:06 +0000 2017,0.0,0.158,@FoxNews,"In the wake of @GDouglasJones's #ALSen victory, @DNC Chair @TomPerez praised the contributions of #BlackWomen to De… https://t.co/OywokTr803",90
-0.1531,Wed Dec 13 17:40:00 +0000 2017,0.194,0.159,@FoxNews,9-year-old donates life savings to help sick kids #FoxNewsUS (via @christocarbone) https://t.co/r6cWjoYsD9 https://t.co/YjAcF086LR,91
-0.296,Wed Dec 13 17:38:54 +0000 2017,0.128,0.0,@FoxNews,"Texas teacher, 31, accused of sex with boy high school student she met in church https://t.co/4FwQW6NPnY",92
0.5106,Wed Dec 13 17:33:13 +0000 2017,0.096,0.227,@FoxNews,".@MichelleMalkin: ""It is crazy that so many years after 9/11 we continue to hand out like Pez candy visas."" https://t.co/10JAwD4ev8",93
-0.3182,Wed Dec 13 17:29:18 +0000 2017,0.119,0.0,@FoxNews,".@TGowdySC: ""This 'conflict of interest-free' senior agent of the FBI can't think of a single solitary American who… https://t.co/yKJNQJCDVb",94
-0.3818,Wed Dec 13 17:22:38 +0000 2017,0.231,0.0,@FoxNews,"Rosenstein stands by Mueller probe as Republicans fume over 'insider bias' - via @brookefoxnews
https://t.co/bo0OxZJ2vk",95
0.0,Wed Dec 13 17:21:29 +0000 2017,0.0,0.0,@FoxNews,"On Twitter, @SenGillibrand doubled down on her message of female empowerment after President @realDonaldTrump's bli… https://t.co/zW1y6dx23q",96
0.296,Wed Dec 13 17:18:08 +0000 2017,0.0,0.155,@FoxNews,Fusion GPS admits DOJ official's wife Nellie Ohr hired to probe Trump https://t.co/sd7whaLvS2,97
0.0,Wed Dec 13 16:57:00 +0000 2017,0.0,0.0,@FoxNews,Random shootings in California has community on edge (via @travfed)  https://t.co/LalgKzpcVP,98
0.3818,Wed Dec 13 16:54:50 +0000 2017,0.0,0.126,@FoxNews,".@DanCrenshawTX: ""I'm a SEAL and I'm always looking for the next way to protect and defend the American people."" https://t.co/fl4bXnCokO",99
-0.4019,Wed Dec 13 16:42:16 +0000 2017,0.184,0.0,@FoxNews,"MSNBC’s Mika Brzezinski blames Melania, Ivanka Trump in diatribe about president's tweet https://t.co/wPiYDQidDa",100
0.0,Thu Dec 14 01:59:06 +0000 2017,0.0,0.0,@nytimesworld,"Morning Briefing, Asia Edition: What you need to know to start your day. https://t.co/QqORzwI0SX",1
0.0,Thu Dec 14 01:29:03 +0000 2017,0.0,0.0,@nytimesworld,Muslim leaders declare East Jerusalem the Palestinian capital https://t.co/DBxVOuGDpi,2
-0.296,Thu Dec 14 01:00:28 +0000 2017,0.115,0.0,@nytimesworld,"Facebook, responding to pressure from Britain's Parliament about any effort by Russia to influence the ""Brexit"" vot… https://t.co/IdwiEfmok9",3
-0.1531,Thu Dec 14 00:30:28 +0000 2017,0.071,0.0,@nytimesworld,"Washington wants an ally in Honduras, but it has been cautious so far in its response to reports about a deeply fla… https://t.co/YwCtYu1P0s",4
0.0,Wed Dec 13 23:56:05 +0000 2017,0.0,0.0,@nytimesworld,"Russia's Internet Research Agency spent only 97 cents on Facebook ads related to ""Brexit"" in the two months before… https://t.co/TmU21bHwhw",5
0.802,Wed Dec 13 23:32:08 +0000 2017,0.0,0.275,@nytimesworld,“That day will be remembered in pizza history.” The greatest pizza makers of Naples rejoiced as their craft was rec… https://t.co/XIyqmCNye0,6
0.0,Wed Dec 13 23:00:21 +0000 2017,0.0,0.0,@nytimesworld,"Morning Briefing, Asia/Australia Edition: What you need to know to start your day. https://t.co/ZnpeUBdadp",7
0.0,Wed Dec 13 22:32:08 +0000 2017,0.0,0.0,@nytimesworld,"Conference of Muslim leaders, condemning President Trump for recognizing Jerusalem as the capital of Israel, declar… https://t.co/XIDLo8iquo",8
0.0,Wed Dec 13 21:29:04 +0000 2017,0.0,0.0,@nytimesworld,"Russia's Internet Research Agency spent only 97 cents on Facebook ads related to ""Brexit"" in the two months before… https://t.co/zWZ4napTwP",9
-0.5859,Wed Dec 13 20:24:05 +0000 2017,0.242,0.0,@nytimesworld,"As Muslim leaders condemn President Trump's Jerusalem declaration, Mahmoud Abbas says Palestinians will no longer a… https://t.co/E3UDlOhZGQ",10
-0.1027,Wed Dec 13 19:37:03 +0000 2017,0.11,0.09,@nytimesworld,"Facebook, confounding expectations, said it had found no evidence of a significant Russian effort to interfere in t… https://t.co/2PetkBsjk0",11
0.4574,Wed Dec 13 19:36:07 +0000 2017,0.0,0.15,@nytimesworld,"Pizza, pizza! Naples had a citywide party as its pizzaiuoli were designated an ""Intangible Heritage of Humanity"" by… https://t.co/PZJxiBeZXr",12
-0.4588,Wed Dec 13 19:08:15 +0000 2017,0.125,0.0,@nytimesworld,"RT @BenWeiserNYT: 1/3 Lawyers for Hakan Atilla, a Turkish banker on trial in NY, asked the judge to declare a mistrial, arguing that testim…",13
-0.8225,Wed Dec 13 18:22:03 +0000 2017,0.37,0.061,@nytimesworld,President Jacob Zuma of South Africa suffered a stinging legal defeat in his attempt to block a corruption inquiry… https://t.co/QE66ll0lvw,14
0.0,Wed Dec 13 18:03:06 +0000 2017,0.0,0.0,@nytimesworld,"Facebook sees little evidence that Russia used the platform to try to sway the ""Brexit"" referendum https://t.co/vl6MOvUPwU",15
-0.8481,Wed Dec 13 17:44:08 +0000 2017,0.338,0.0,@nytimesworld,"“They spent their lives in misery, they died in misery.” The forgotten bodies had names and families and stories, n… https://t.co/CCt0kmPXrO",16
0.5719,Wed Dec 13 17:28:06 +0000 2017,0.0,0.188,@nytimesworld,"“Finally, the world recognizes the capability of the pizza maker."" Naples's pizza-making masters celebrate, and cap… https://t.co/PI7AQTOf3N",17
-0.3818,Wed Dec 13 17:05:13 +0000 2017,0.154,0.096,@nytimesworld,RT @EricNagourney: A hard-fighting priest and his devoted crew do right by Haiti's dead as the bodies pile up. A moving account from the in…,18
0.0,Wed Dec 13 17:02:04 +0000 2017,0.0,0.0,@nytimesworld,"""This is something France will have to come to terms with,"" the Rwandan foreign minister said https://t.co/o21hYTweE5",19
-0.3818,Wed Dec 13 16:52:03 +0000 2017,0.106,0.0,@nytimesworld,"Most Haitians live on $2 a day or less. But even modest funerals start at $1,100. So the bodies of sons and mothers… https://t.co/nejrBRpGpZ",20
-0.9081,Wed Dec 13 16:51:08 +0000 2017,0.437,0.0,@nytimesworld,President Jacob Zuma of South Africa suffered a stinging defeat when the High Court rejected his efforts to block a… https://t.co/fIXcXfGaEP,21
-0.6486,Wed Dec 13 16:16:10 +0000 2017,0.261,0.0,@nytimesworld,"Two Reuters journalists have been arrested in Myanmar and accused of illegally possessing government documents, new… https://t.co/AIbfZXQPj4",22
-0.2732,Wed Dec 13 16:12:07 +0000 2017,0.12,0.06,@nytimesworld,A new report backed by the Rwandan government has accused France of complicity in the 1994 genocide https://t.co/KiKYrcvoJa,23
-0.8591,Wed Dec 13 16:11:02 +0000 2017,0.382,0.0,@nytimesworld,"A tech tycoon is among the latest in China to be named and shamed, accused of failing to pay his debts https://t.co/Djmr544Lho",24
-0.4767,Wed Dec 13 16:02:07 +0000 2017,0.14,0.0,@nytimesworld,"Donald Trump isn't the only world leader enamored with ""fake news."" Many autocrats and dictators the world over hav… https://t.co/UUvlA2ZeKY",25
-0.6486,Wed Dec 13 15:50:12 +0000 2017,0.185,0.0,@nytimesworld,These men collect the unclaimed dead and give them burials. They see themselves in the bodies they pick up.… https://t.co/4oitaZTtU5,26
0.0,Wed Dec 13 15:31:09 +0000 2017,0.0,0.0,@nytimesworld,"A Turkish police officer, carrying what he called evidence of high-level corruption, fled Turkey on a false passpor… https://t.co/HwZY11E3F0",27
0.0,Wed Dec 13 15:14:04 +0000 2017,0.0,0.0,@nytimesworld,Google pulled some of its core businesses from China in 2010. Now it is looking for ways to tiptoe back in. https://t.co/pIXcqq96iZ,28
0.5478,Wed Dec 13 15:04:14 +0000 2017,0.197,0.276,@nytimesworld,"No matter how rich in love they may be, most Haitians can’t pay for a funeral. The members of this burial team help… https://t.co/z8Fy7XthSS",29
0.0,Wed Dec 13 15:01:03 +0000 2017,0.0,0.0,@nytimesworld,Brazil has seen a sharp spike in H.I.V. cases among young men https://t.co/q1NTTqoEKv,30
0.5106,Wed Dec 13 14:59:07 +0000 2017,0.0,0.136,@nytimesworld,A baby born with her heart outside her chest has survived surgery. It's thought to be the first such case in Britai… https://t.co/T1ojzCJYNS,31
0.5267,Wed Dec 13 14:49:09 +0000 2017,0.0,0.227,@nytimesworld,Belgium’s blazing streetlights have prompted questions about the ties between the state and a huge energy company https://t.co/VWXIXWELtA,32
-0.5994,Wed Dec 13 14:34:45 +0000 2017,0.135,0.0,@nytimesworld,"See all of the stories in our series, The End, a global look at how we die and what it tells us about how we live https://t.co/jq683N74Qz",33
-0.5994,Wed Dec 13 14:32:07 +0000 2017,0.329,0.0,@nytimesworld,About three-quarters of the detained journalists were accused of antigovernment activities https://t.co/hakPRqQlSm,34
-0.7506,Wed Dec 13 14:32:04 +0000 2017,0.286,0.0,@nytimesworld,"""Anti-Semitism and hatred of Jews has no place in our society,"" said Sweden's prime minister, Stefan Lofven https://t.co/VYT3IVRFIQ",35
-0.4404,Wed Dec 13 14:25:10 +0000 2017,0.139,0.0,@nytimesworld,The U.S. Embassy called the arrests of two Reuters reporters in Myanmar “highly irregular” and urged the government… https://t.co/5gJ2ci7eCw,36
-0.5499,Wed Dec 13 14:17:07 +0000 2017,0.233,0.0,@nytimesworld,"At climate summit meeting, announcements of several initiatives, but no new binding requirements for cutting emissi… https://t.co/X81q29H9pF",37
0.0,Wed Dec 13 14:09:05 +0000 2017,0.0,0.0,@nytimesworld,"Got unpaid debts? In China, the government might end up publishing your name online https://t.co/jIdtBy2hCW",38
0.0,Wed Dec 13 14:02:07 +0000 2017,0.0,0.0,@nytimesworld,"After three surgeries, one within an hour of birth, a British infant has her heart in the right place. https://t.co/fXckdhgj37",39
0.0,Wed Dec 13 13:40:02 +0000 2017,0.0,0.0,@nytimesworld,"RT @EPovoledo A Roma Circus Makes a Home, and Builds Bridges, in Paris https://t.co/IZTzsfWXiW",40
-0.6705,Wed Dec 13 13:29:06 +0000 2017,0.335,0.16,@nytimesworld,The Committee to Protect Journalists cited Trump's attacks on 'fake news' as reinforcing repression by strongmen wo… https://t.co/XyS1zFOB4U,41
0.7269,Wed Dec 13 13:11:03 +0000 2017,0.0,0.433,@nytimesworld,Google has unveiled a China-based center dedicated to artificial intelligence https://t.co/Zom7NqJtA6,42
0.128,Wed Dec 13 13:03:04 +0000 2017,0.085,0.106,@nytimesworld,RT @KeithBradsher China tried to move too fast from coal to natural gas. One unlikely result: a shortage in China o… https://t.co/ECFB7Xv4eg,43
-0.802,Wed Dec 13 13:00:14 +0000 2017,0.313,0.0,@nytimesworld,The cells of a prison in Catalonia tell that story of conflict that started long before the current battle over sec… https://t.co/kaWqb7VVt9,44
0.4019,Wed Dec 13 12:50:08 +0000 2017,0.0,0.144,@nytimesworld,"Belgium's streetlights, clearly visible from space, could explain why electricity in the country costs so much https://t.co/wVkwO8ABij",45
-0.5859,Wed Dec 13 12:40:05 +0000 2017,0.284,0.123,@nytimesworld,"Martial law is needed to fight “the communist terrorists and their coddlers, supporters and financiers,” a spokesma… https://t.co/TQ9FZ2u3zV",46
0.0,Wed Dec 13 12:22:05 +0000 2017,0.0,0.0,@nytimesworld,"Progressive groups say India needs more condom advertising, not less https://t.co/lYNl6dk4Xf",47
-0.6662,Wed Dec 13 12:04:06 +0000 2017,0.23,0.065,@nytimesworld,"Trump isn't alone in his use of the phrase ""fake news."" Rodrigo Duterte of the Phillpines has blamed “fake news” fo… https://t.co/dAv42pHg2E",48
0.25,Wed Dec 13 11:40:14 +0000 2017,0.0,0.111,@nytimesworld,She had a 10% chance of survival. Now a British infant has her heart in the right place. https://t.co/WoRtPuaKPs,49
-0.802,Wed Dec 13 11:40:12 +0000 2017,0.313,0.0,@nytimesworld,The cells of a prison in Catalonia tell that story of conflict that started long before the current battle over sec… https://t.co/fbscEcgkVu,50
-0.4588,Wed Dec 13 11:20:05 +0000 2017,0.158,0.0,@nytimesworld,"Arguing for continued martial law in the southern Philippines, President Duterte said Islamist militants had steppe… https://t.co/hEv3cB6eEP",51
0.0,Wed Dec 13 11:02:07 +0000 2017,0.0,0.0,@nytimesworld,More than 50 heads of state and government gather for climate summit meeting in France https://t.co/eGfqRMXeup,52
-0.4939,Wed Dec 13 10:40:04 +0000 2017,0.144,0.0,@nytimesworld,"“I was in constant fear that I would be next, even though I used condoms,"" says a Brazilian man who participated in… https://t.co/iE6ZxUifbB",53
-0.25,Wed Dec 13 10:20:07 +0000 2017,0.091,0.0,@nytimesworld,"“ ‘Fake news,’ either as a statement of fact or as an accusation, has been inescapable this year,” said the head of… https://t.co/TMDAu6AbAN",54
-0.3612,Wed Dec 13 10:04:07 +0000 2017,0.116,0.0,@nytimesworld,"Since the first severed foot was discovered in August 2007, the cases have caught the attention and imagination of… https://t.co/WNrbGSLL3Q",55
-0.4588,Wed Dec 13 09:45:05 +0000 2017,0.15,0.0,@nytimesworld,More than half of the journalists in jail worlwide as of Dec. 1 are imprisoned in three countries https://t.co/Je6rqG1s0V,56
-0.2023,Wed Dec 13 09:30:04 +0000 2017,0.079,0.0,@nytimesworld,"The battle for the Philippine city of Marawi is over, but martial law in the surrounding region is being extended f… https://t.co/IlR1quildV",57
0.0,Wed Dec 13 09:15:10 +0000 2017,0.0,0.0,@nytimesworld,"Morning Briefing, Europe edition: Here's what you need to know to start your day 
https://t.co/abD2j8UBZ4",58
0.6808,Wed Dec 13 08:58:03 +0000 2017,0.0,0.219,@nytimesworld,"It began with smiles and holding hands in the White House, but their ""special relationship"" is now being put to the… https://t.co/Tbl3zhvToG",59
0.0772,Wed Dec 13 08:45:06 +0000 2017,0.0,0.085,@nytimesworld,The law prevents convicted pedophiles from leaving Australia without permission from law enforcement agencies https://t.co/h95nJho37e,60
-0.0164,Wed Dec 13 08:32:05 +0000 2017,0.126,0.168,@nytimesworld,"Emmanuel Macron urges heads of state, chief executives and investors to commit more funding to fight global warming https://t.co/6z6wekyrYU",61
-0.3818,Wed Dec 13 08:15:12 +0000 2017,0.224,0.0,@nytimesworld,Oscar Pistorius was bruised in a fight with a fellow inmate https://t.co/cnCkCtQQyd,62
0.3804,Wed Dec 13 08:02:05 +0000 2017,0.0,0.11,@nytimesworld,"Though the term “fake news” has been around at least since the 1890s, Donald Trump is most responsible for making i… https://t.co/qKoTE8iCvy",63
0.0,Wed Dec 13 07:45:07 +0000 2017,0.0,0.0,@nytimesworld,"They've been called the ""low-end population."" Migrants who toil in Beijing are being evicted and their homes razed. https://t.co/keHVvk8PAT",64
-0.5106,Wed Dec 13 07:31:10 +0000 2017,0.18,0.0,@nytimesworld,"RT @RaphaelMinder In Barcelona’s Modelo prison, Catalans find evidence of century-old social and political upheaval… https://t.co/sgnEFKaLlZ",65
0.5267,Wed Dec 13 07:10:07 +0000 2017,0.0,0.227,@nytimesworld,Belgium’s blazing streetlights have prompted questions about the ties between the state and a huge energy company https://t.co/BddrnViTvz,66
0.0,Wed Dec 13 07:07:03 +0000 2017,0.0,0.0,@nytimesworld,"Morning Briefing, Europe edition: Here's what you need to know to start your day 
https://t.co/F8z7F3OOVK",67
0.0,Wed Dec 13 06:48:56 +0000 2017,0.0,0.0,@nytimesworld,The law is meant to keep Australian pedophiles out of Southeast Asian sex tourism markets https://t.co/y0zcrGKc6Y,68
0.0,Wed Dec 13 06:35:05 +0000 2017,0.0,0.0,@nytimesworld,"A Turkish police officer, carrying what he called evidence of high-level corruption, fled Turkey on a false passpor… https://t.co/C3PUGJWzLh",69
-0.3612,Wed Dec 13 06:17:04 +0000 2017,0.111,0.0,@nytimesworld,Sri Lanka gives China control of a port: “The price being paid for reducing the China debt could prove more costly… https://t.co/A97W8eOuNE,70
0.0,Wed Dec 13 06:06:04 +0000 2017,0.0,0.0,@nytimesworld,"Morning Briefing, Europe edition: Here's what you need to know to start your day 
https://t.co/Y6jbQBpsOT",71
-0.4215,Wed Dec 13 06:03:07 +0000 2017,0.149,0.0,@nytimesworld,China is planning refugee camps for the North Koreans it fears may soon flood its border https://t.co/Ed8DINZuTE,72
-0.6705,Wed Dec 13 05:53:36 +0000 2017,0.335,0.16,@nytimesworld,The Committee to Protect Journalists cited Trump's attacks on 'fake news' as reinforcing repression by strongmen wo… https://t.co/SzC14717Sz,73
-0.2263,Wed Dec 13 05:30:09 +0000 2017,0.106,0.0,@nytimesworld,Many Afghan opposition groups question their government's will to hold elections already delayed by two years https://t.co/MpGVKXIHou,74
0.4019,Wed Dec 13 05:15:06 +0000 2017,0.0,0.144,@nytimesworld,"Belgium's streetlights, clearly visible from space, could explain why electricity in the country costs so much https://t.co/q5egJz0EzW",75
0.4215,Wed Dec 13 05:02:06 +0000 2017,0.0,0.128,@nytimesworld,"“It’s really something that the men are pinning all their hopes on,” one refugee advocate said about the U.S.-Austr… https://t.co/XYPeVt3Q3k",76
0.1967,Wed Dec 13 04:47:30 +0000 2017,0.0,0.078,@nytimesworld,"Trump didn't invent ""fake news,"" but he has helped make the term go viral, turning it from a description to an epit… https://t.co/d16NbmEbqL",77
-0.3182,Wed Dec 13 04:31:04 +0000 2017,0.15,0.0,@nytimesworld,"Calling condom commercials “indecent” viewing for children, India restricts them to late-night TV https://t.co/zWbYhZbFFl",78
-0.4588,Wed Dec 13 04:15:08 +0000 2017,0.143,0.0,@nytimesworld,"A Chinese artist documented the mass expulsion of migrants from Beijing. Now, he's been forced to flee the city. https://t.co/rb0sRh4uKE",79
0.0,Wed Dec 13 04:01:06 +0000 2017,0.0,0.0,@nytimesworld,"A Turkish police officer, carrying what he called evidence of high-level corruption, fled Turkey on a false passpor… https://t.co/0cd8sMwoWz",80
-0.6808,Wed Dec 13 03:32:04 +0000 2017,0.337,0.0,@nytimesworld,Catalonia’s New Conflict Echoes in the Halls of an Old Prison https://t.co/1pe88qYxJh https://t.co/nOgpXZdMjd,81
0.0,Wed Dec 13 03:03:02 +0000 2017,0.0,0.0,@nytimesworld,Brazil has long been recognized for its crusading response to the H.I.V. epidemic. https://t.co/g9At6n7Opo,82
-0.4404,Wed Dec 13 02:32:03 +0000 2017,0.225,0.0,@nytimesworld,Sweden’s prime minister condemned anti-Semitic outbursts in two Swedish cities https://t.co/3eIYJroz8r,83
0.0772,Wed Dec 13 02:03:03 +0000 2017,0.127,0.18,@nytimesworld,"""Fake news"" is the ""word of the year,"" thanks to Donald Trump. Autocrats, populists and strongmen around the world… https://t.co/5Gr41YW7QU",84
-0.4019,Wed Dec 13 01:31:14 +0000 2017,0.219,0.105,@nytimesworld,"“We are losing the battle”: At major climate summit meeting, Emmanuel Macron urges greater funding to fight global… https://t.co/VHZpfsS9Lk",85
-0.4939,Tue Dec 12 23:02:07 +0000 2017,0.233,0.1,@nytimesworld,Critics of Sri Lanka’s government say it is threatening the country’s sovereignty by giving China control of a port https://t.co/L58Tzh9f9o,86
0.0,Tue Dec 12 22:48:04 +0000 2017,0.0,0.0,@nytimesworld,Talk of Trump Visit Tests U.K.’s ‘Special Relationship’ https://t.co/dUWbXf8B6x https://t.co/LBWatcHPk0,87
0.0,Tue Dec 12 22:36:05 +0000 2017,0.0,0.0,@nytimesworld,Brazil has long been recognized for its crusading response to the H.I.V. epidemic. https://t.co/OZmNTmFPoV,88
-0.6808,Tue Dec 12 22:17:06 +0000 2017,0.337,0.0,@nytimesworld,Catalonia’s New Conflict Echoes in the Halls of an Old Prison https://t.co/La8IZWlc56 https://t.co/Ayefe2Yef5,89
0.128,Tue Dec 12 21:47:03 +0000 2017,0.114,0.139,@nytimesworld,A lack of progress on long-promised elections is propelling the Afghan leader toward a clash with opposition groups https://t.co/6x0piqXpIh,90
0.0,Tue Dec 12 21:32:03 +0000 2017,0.0,0.0,@nytimesworld,"A Turkish police officer, carrying what he called evidence of high-level corruption, fled Turkey on a false passpor… https://t.co/hTLiWwte8U",91
-0.3182,Tue Dec 12 21:12:03 +0000 2017,0.126,0.0,@nytimesworld,The steamy ads featuring a former porn star were apparently the last straw: India restricts condom commercials https://t.co/6e83lVTj4n,92
-0.6705,Tue Dec 12 21:03:06 +0000 2017,0.298,0.106,@nytimesworld,"Enormous explosion at natural gas hub in Baumgarten, Austria, leaves one dead and 18 others injured https://t.co/0LZX9b2vTX",93
0.0,Tue Dec 12 20:51:06 +0000 2017,0.0,0.0,@nytimesworld,"Highlighting new Russian alliances in the Mideast, Vladimir Putin makes a whirlwind trip to Syria, Egypt and Turkey… https://t.co/N3ytWVoUM9",94
0.0,Tue Dec 12 20:42:02 +0000 2017,0.0,0.0,@nytimesworld,Why is China planning refugee camps for North Koreans? https://t.co/LNDExrKW80,95
0.0,Tue Dec 12 20:33:04 +0000 2017,0.0,0.0,@nytimesworld,Brazil has seen a sharp spike in H.I.V. cases among young men. https://t.co/lKn1NZb0hA,96
0.4215,Tue Dec 12 20:22:08 +0000 2017,0.0,0.128,@nytimesworld,"“It’s really something that the men are pinning all their hopes on,” one refugee advocate said about the U.S.-Austr… https://t.co/LOVnTNm3aI",97
-0.3182,Tue Dec 12 20:11:05 +0000 2017,0.15,0.0,@nytimesworld,"Calling condom commercials “indecent” viewing for children, India restricts them to late-night TV https://t.co/Z5CxyKaQLk",98
-0.6808,Tue Dec 12 20:03:05 +0000 2017,0.337,0.0,@nytimesworld,Catalonia’s New Conflict Echoes in the Halls of an Old Prison https://t.co/iGeEurAc5o https://t.co/fgDjFWW9p9,99
-0.2263,Tue Dec 12 19:51:07 +0000 2017,0.106,0.0,@nytimesworld,Many Afghan opposition groups question their government's will to hold elections already delayed by two years https://t.co/UyBDLbDIMj,100
-0.0572,Thu Dec 14 02:03:11 +0000 2017,0.058,0.0,@CNN,"Bernie Sanders on the tax bill push: ""They are moving this at lightning speed because they don't want the American… https://t.co/T2RgouM7dN",1
-0.4137,Thu Dec 14 01:45:36 +0000 2017,0.127,0.0,@CNN,"Bernie Sanders on Donald Trump: ""Do I think the President should resign? I do. Do I think he will? I don't. But yes… https://t.co/R8sDkiXqQR",2
0.0,Thu Dec 14 01:35:17 +0000 2017,0.0,0.0,@CNN,"""Everybody knows exactly what he meant"": Bernie Sanders describes President Trump's tweet about Sen. Gillibrand as… https://t.co/XCO5WZD1OC",3
0.8176,Thu Dec 14 01:28:57 +0000 2017,0.0,0.283,@CNN,"Bernie Sanders on Doug Jones' win: “Against all of the odds, Jones won because there was a very, very large turnout… https://t.co/Lj1hptFUA3",4
0.0,Thu Dec 14 01:24:42 +0000 2017,0.0,0.0,@CNN,CNN's Anderson Cooper looks at President Trump's response to the Alabama Senate race https://t.co/lmjs1Tie15 https://t.co/m7k8u6h27f,5
-0.34,Thu Dec 14 01:12:46 +0000 2017,0.146,0.0,@CNN,RT @OutFrontCNN: Democrat Rep. Jerrold Nadler: GOP trying to lay groundwork to fire Mueller https://t.co/YedhWTiZ32,6
-0.765,Thu Dec 14 01:07:07 +0000 2017,0.337,0.0,@CNN,"PBS has suspended distribution of Tavis Smiley's show amid ""troubling allegations"" against the host… https://t.co/qOkGAhzEar",7
-0.5719,Thu Dec 14 01:04:42 +0000 2017,0.203,0.072,@CNN,Exclusive: A former senior aide to Rep. Blake Farenthold describes new details of the congressman’s abusive behavio… https://t.co/11k7f99RcR,8
-0.4767,Thu Dec 14 01:04:08 +0000 2017,0.14,0.0,@CNN,"The Senate race that unfolded might be a political case study in Murphy's Law: whatever could go wrong, did.

This… https://t.co/ws1Z54G8Og",9
0.4404,Thu Dec 14 00:57:04 +0000 2017,0.0,0.127,@CNN,"The US will provide Lebanon with a military aid package valued at over $120 million, the US ambassador to Lebanon a… https://t.co/LFWK7QfaDO",10
-0.193,Thu Dec 14 00:50:22 +0000 2017,0.197,0.174,@CNN,"RT @CNNSitRoom: Joe Manchin on Robert Mueller: “I would hope to think he’s safe, if not, then pardon the expression, all hell would break l…",11
-0.5423,Thu Dec 14 00:42:53 +0000 2017,0.189,0.0,@CNN,A small group of House Democrats have formed an informal task force on sexual harassment https://t.co/HIUI2iC7XF https://t.co/1ykVQJR5q7,12
0.296,Thu Dec 14 00:41:53 +0000 2017,0.0,0.084,@CNN,RT @cnnireport: The Geminid meteor shower is peaking tonight between 7:30 p.m. and 4 a.m. local time. See the show in the sky? Share your i…,13
0.3818,Thu Dec 14 00:38:24 +0000 2017,0.0,0.167,@CNN,"Democrats want Sen.-elect Doug Jones to be seated before the tax vote. In 2010, Donald Trump supported letting newl… https://t.co/XtC2ZSFPGL",14
-0.5719,Thu Dec 14 00:15:13 +0000 2017,0.203,0.072,@CNN,Exclusive: A former senior aide to Rep. Blake Farenthold describes new details of the congressman’s abusive behavio… https://t.co/yZFOZRe7Hc,15
-0.3612,Thu Dec 14 00:06:48 +0000 2017,0.166,0.051,@CNN,"British Prime Minister Theresa May has lost a key vote on the EU Withdrawal bill, her first serious parliamentary B… https://t.co/ObvOzOazNv",16
0.0,Wed Dec 13 23:59:31 +0000 2017,0.0,0.0,@CNN,"John McCain calls out Trump for his anti-media remarks, saying the President ""must understand his harmful rhetoric… https://t.co/beIB1lI3vY",17
-0.5574,Wed Dec 13 23:50:11 +0000 2017,0.175,0.0,@CNN,Recent anti-Muslim rhetoric from President Trump and administration policies such as the travel ban are making coun… https://t.co/2tucTlXUbW,18
-0.2732,Wed Dec 13 23:45:12 +0000 2017,0.123,0.0,@CNN,"Why President Trump's ""giant tax cut"" for the middle class is less than advertised https://t.co/q22lZbJhF9 https://t.co/rB51UwElp9",19
0.709,Wed Dec 13 23:37:05 +0000 2017,0.0,0.219,@CNN,"Sen. Joe Manchin on the tax bill push: ""We don't have a crisis on our hands. The market's stronger than ever. ... W… https://t.co/U0V4myXbmP",20
-0.5423,Wed Dec 13 23:33:42 +0000 2017,0.163,0.0,@CNN,Salma Hayek is breaking her silence about Harvey Weinstein in a New York Times op-ed detailing sexual harassment an… https://t.co/V5ieU0eZG2,21
0.0,Wed Dec 13 23:33:17 +0000 2017,0.0,0.0,@CNN,"Sen. Joe Manchin on the tax bill: There were 15 Democrats who wanted to be a part of this, but ""it was designed not… https://t.co/WcIj1ltx1V",22
0.5859,Wed Dec 13 23:23:07 +0000 2017,0.0,0.142,@CNN,"Sen. Joe Manchin on the Doug Jones win: ""I just told Doug to be an Alabama Democrat. You don't have to be a Washing… https://t.co/fdjdjEiJB6",23
0.0,Wed Dec 13 23:20:18 +0000 2017,0.168,0.117,@CNN,A House Democrat stunned lawmakers when she suggested female lawmakers were inviting unwanted advances because of t… https://t.co/z8aQkuCSDs,24
0.5859,Wed Dec 13 23:19:38 +0000 2017,0.0,0.142,@CNN,"Sen. Joe Manchin on the Doug Jones win: ""This speaks volumes for what we call the radical middle -- those of us sti… https://t.co/Gumvfr3KLm",25
0.0772,Wed Dec 13 23:14:44 +0000 2017,0.074,0.084,@CNN,RT @CNNSitRoom: Tillerson says US is ready to sit down and talk to North Korea with no preconditions: “Can we at least sit down and see eac…,26
0.4588,Wed Dec 13 23:13:12 +0000 2017,0.0,0.143,@CNN,The Federal Reserve has raised interest rates one notch higher as the US economy continues to get healthier… https://t.co/PeCufbiRVs,27
-0.296,Wed Dec 13 23:05:59 +0000 2017,0.145,0.0,@CNN,The New York bombing suspect made his first court appearance from a hospital bed https://t.co/SyD7dhcDAL,28
0.1761,Wed Dec 13 22:58:59 +0000 2017,0.0,0.086,@CNN,"The Federal Reserve chair isn't buying into the hype of Bitcoin's wild rally, calling it a ""highly speculative asse… https://t.co/4APUVYJKl1",29
0.0,Wed Dec 13 22:52:11 +0000 2017,0.0,0.0,@CNN,President Donald Trump invited Democratic Senator-elect Doug Jones to the White House in a congratulatory phone cal… https://t.co/RSkPDp1VjE,30
0.1877,Wed Dec 13 22:45:39 +0000 2017,0.0,0.084,@CNN,"Former House Speaker Dennis Hastert can't be alone with children, a judge has ruled in a hush money case related to… https://t.co/AO7uzQ7GM1",31
0.0,Wed Dec 13 22:39:37 +0000 2017,0.0,0.0,@CNN,These films are among the 25 additions this year to the National Film Registry of the US Library of Congress… https://t.co/62VGKxlmmj,32
0.4019,Wed Dec 13 22:33:16 +0000 2017,0.0,0.144,@CNN,"First lady Melania Trump delivers a holiday message while visiting with military families: Christmas is ""not about… https://t.co/hSHROC3oKY",33
-0.2023,Wed Dec 13 22:26:38 +0000 2017,0.096,0.0,@CNN,The Republican-led FCC is scheduled to vote Thursday on a controversial plan to repeal Obama-era net neutrality pro… https://t.co/PxZVY6U9TD,34
0.0,Wed Dec 13 22:12:40 +0000 2017,0.0,0.0,@CNN,"""Mannequin Skywalker"" makes a test flight into space on a Blue Origin rocket https://t.co/BkViqqvqcD https://t.co/6j12CYotsX",35
0.25,Wed Dec 13 22:06:01 +0000 2017,0.0,0.105,@CNN,"The Navajo Nation has sued Wells Fargo, claiming the bank targeted tribal members with ""predatory sales tactics""… https://t.co/lSF9x98E9h",36
0.0,Wed Dec 13 21:51:19 +0000 2017,0.0,0.0,@CNN,RT @CNNPolitics: Black voters turned out for Doug Jones https://t.co/WtNWgL0FuU https://t.co/4wVNHuC1W8,37
-0.2732,Wed Dec 13 21:46:05 +0000 2017,0.12,0.067,@CNN,"Sen.-elect Doug Jones: I think we've reached a ""tipping point"" in the US; Going forward, this country has a debt th… https://t.co/df7652eSwI",38
0.743,Wed Dec 13 21:30:54 +0000 2017,0.0,0.283,@CNN,Sen.-elect Doug Jones says he received a “very gracious call” from President Trump after his special election win:… https://t.co/4Tf2b4J7Fl,39
0.4019,Wed Dec 13 21:28:51 +0000 2017,0.0,0.114,@CNN,"Doug Jones says he has not spoken with Roy Moore after Tuesday’s special election; ""I'm going to let him make that… https://t.co/j36OXKDE4a",40
0.0,Wed Dec 13 21:20:15 +0000 2017,0.0,0.0,@CNN,Alabama Sen.-elect Doug Jones says he received congratulatory calls from congressional leaders and President Trump… https://t.co/K22ZMWCW5Y,41
0.368,Wed Dec 13 21:15:56 +0000 2017,0.055,0.116,@CNN,"""This is the hard part, bear with me OK? I couldn't get through your book, I tried. Your son Beau had the same canc… https://t.co/TLX0JpzrxY",42
0.0,Wed Dec 13 21:09:50 +0000 2017,0.0,0.0,@CNN,Democrat Doug Jones speaks after his victory over Republican Roy Moore in Alabama's Senate election. Watch live on… https://t.co/DJxK6vtELa,43
-0.3612,Wed Dec 13 21:09:21 +0000 2017,0.128,0.0,@CNN,"President Trump, eyeing his first major legislative victory, made his closing argument on a tax package that negoti… https://t.co/exeV4F6rwr",44
0.4019,Wed Dec 13 20:52:21 +0000 2017,0.0,0.119,@CNN,These charts help to explain how Alabama elected a Democrat to the US Senate for the first time in 25 years… https://t.co/zpIs6Xo2Gv,45
-0.6597,Wed Dec 13 20:39:53 +0000 2017,0.286,0.0,@CNN,Joe Biden consoles Meghan McCain on her father's cancer diagnosis https://t.co/nhSVoNwYnw https://t.co/mvONYbpHxA,46
0.0772,Wed Dec 13 20:20:22 +0000 2017,0.0,0.106,@CNN,26-year-olds face challenges as they fall off parents' health insurance https://t.co/N2KYa6c3ZO https://t.co/gKkYEu8dD8,47
-0.4019,Wed Dec 13 20:12:06 +0000 2017,0.16,0.097,@CNN,"The identities of more than one million Americans, both dead and alive, may have been used to hijack the FCC's publ… https://t.co/sm9SLWdeIp",48
0.1027,Wed Dec 13 20:11:27 +0000 2017,0.0,0.062,@CNN,RT @CNNPolitics: President Trump makes his final tax pitch following news that House and Senate negotiators reached a deal on the tax bill…,49
0.0,Wed Dec 13 20:10:10 +0000 2017,0.0,0.0,@CNN,"Charles Barkley on Doug Jones' victory in Alabama: This is ""a wake-up call for Democrats... ""It's time for them to… https://t.co/CocUlf3Nww",50
0.0,Wed Dec 13 20:05:25 +0000 2017,0.0,0.0,@CNN,President Trump is speaking from the White House. Watch CNN: https://t.co/UYpqI3w42L https://t.co/GUzMovQfRW,51
-0.5106,Wed Dec 13 20:00:12 +0000 2017,0.216,0.0,@CNN,8 numbers out of Alabama that should terrify Republicans | Analysis by @CillizzaCNN https://t.co/MIqVbGblxr https://t.co/QQ0YqgHJHY,52
0.3612,Wed Dec 13 19:50:51 +0000 2017,0.0,0.106,@CNN,"Rep. Peter King on Steve Bannon: ""This guy does not belong on the national stage. He looks like some disheveled dru… https://t.co/91rZYecTp7",53
0.4019,Wed Dec 13 19:40:11 +0000 2017,0.153,0.22,@CNN,Credit card debt is on the rise. American households now pay an average of $904 a year in interest alone.… https://t.co/aDNTm5payM,54
-0.2782,Wed Dec 13 19:30:07 +0000 2017,0.092,0.0,@CNN,Climate change is partly to blame for the record rainfall that fell over Texas and Louisiana in the days after Hurr… https://t.co/cilBdinyRw,55
0.0,Wed Dec 13 19:20:10 +0000 2017,0.0,0.0,@CNN,Use this calculator and see how the tax bill will affect your paycheck https://t.co/JG9nvcZXxG https://t.co/RCbfuWTlL8,56
0.128,Wed Dec 13 19:11:04 +0000 2017,0.11,0.131,@CNN,"President Trump's approval rating sits at 32%, according to a new poll.

This matches the lowest level in any poll… https://t.co/1p6wnZqYIM",57
0.5719,Wed Dec 13 19:00:39 +0000 2017,0.0,0.27,@CNN,These charts explain how Doug Jones won in Alabama https://t.co/DnFteCy2oF https://t.co/0eLG0nJdJK,58
0.0,Wed Dec 13 18:50:10 +0000 2017,0.0,0.0,@CNN,"""This is an earthquake"": Inside the White House after Alabama's stunner https://t.co/b2w7unrXNl https://t.co/gmiOIpIuRf",59
-0.3818,Wed Dec 13 18:49:38 +0000 2017,0.236,0.134,@CNN,"Sen. Cory Booker praises Doug Jones' victory: ""This is the state of Alabama rejecting tribalism and rejecting hatre… https://t.co/NheGUZxhRB",60
0.0,Wed Dec 13 18:44:26 +0000 2017,0.0,0.0,@CNN,"RT @CNNnewsroom: Sen. Cory Booker: Tabling the tax vote until Alabama Sen. Doug Jones is sworn in ""is the right thing to do"" https://t.co/I…",61
0.0,Wed Dec 13 18:40:08 +0000 2017,0.0,0.0,@CNN,Muslim leaders call for recognition of East Jerusalem as Palestinian capital https://t.co/J7DHKPJH5h https://t.co/UGjmrmallS,62
0.0,Wed Dec 13 18:30:12 +0000 2017,0.0,0.0,@CNN,Minnesota Lt. Gov. Tina Smith has been selected to replace Al Franken in the Senate https://t.co/KUjPNgZWTX https://t.co/v8wULY1Pii,63
0.0,Wed Dec 13 18:20:15 +0000 2017,0.0,0.0,@CNN,"A homeless man stole more than $350,000 from an unlocked room in Paris' Charles de Gaulle Airport on Friday, accord… https://t.co/J0th8hnZc5",64
0.0,Wed Dec 13 18:10:10 +0000 2017,0.0,0.0,@CNN,The 7 most revealing findings in the Alabama exit polls https://t.co/mdFDdFf24E https://t.co/wjrAdyX7Ms,65
0.0,Wed Dec 13 18:06:49 +0000 2017,0.0,0.0,@CNN,"RT @CNNPolitics: President Trump on the GOP tax plan: “We are very, very close to a historic legislative victory” https://t.co/5mO1JcKYYl h…",66
-0.25,Wed Dec 13 18:00:18 +0000 2017,0.143,0.0,@CNN,House and Senate Republicans have struck a tentative deal on a tax bill https://t.co/WBMHAukC1J https://t.co/0xamOhLtCd,67
0.1531,Wed Dec 13 17:50:08 +0000 2017,0.0,0.074,@CNN,An Airbus plane mapped out an intricate Christmas tree -- with ornaments -- and it was spotted on flight radar… https://t.co/Wpj40Ue6K6,68
0.0772,Wed Dec 13 17:40:05 +0000 2017,0.096,0.109,@CNN,Much of the attention in Alabama was focused on Roy Moore's conservative Christian base. But he lost in large part… https://t.co/TP3DnFYuAB,69
-0.91,Wed Dec 13 17:29:06 +0000 2017,0.365,0.0,@CNN,"""A president who would all but call Sen. Kirsten Gillibrand a whore is not fit to clean the toilets in the Barack O… https://t.co/VJ9drPDUb8",70
0.0,Wed Dec 13 17:20:15 +0000 2017,0.0,0.0,@CNN,"Charles Barkley on Doug Jones' victory in Alabama: This is ""a wake-up call for Democrats... ""It's time for them to… https://t.co/d22PRHyX4q",71
0.0,Wed Dec 13 17:09:08 +0000 2017,0.0,0.0,@CNN,"Trump on the Alabama election: ""I was right! ... the deck was stacked"" against Roy Moore https://t.co/cExa2auJwZ https://t.co/KgZyMUwR5N",72
0.296,Wed Dec 13 16:58:23 +0000 2017,0.071,0.127,@CNN,"Black voters in Alabama -- particularly black women -- voted overwhelmingly in favor of Democrat Doug Jones, accord… https://t.co/fO4YDMxRjF",73
0.5106,Wed Dec 13 16:45:38 +0000 2017,0.0,0.148,@CNN,A baby born with her heart outside her body has survived three surgeries to insert it back into her chest… https://t.co/HlE3P9fzDp,74
0.0,Wed Dec 13 16:35:32 +0000 2017,0.0,0.0,@CNN,"RT @CNNPolitics: Rep. Steve Cohen: ""Has President Trump ever communicated with you about removing Robert Mueller?""

Rosenstein: ""I am not g…",75
0.4939,Wed Dec 13 16:35:22 +0000 2017,0.092,0.215,@CNN,"RT @CNNPolitics: Ranking member of the House Judiciary Committee Jerry Nadler: ""Have you seen good cause to fire Special Counsel Mueller?""…",76
-0.7906,Wed Dec 13 16:21:32 +0000 2017,0.259,0.0,@CNN,"Alabama Rep. Mo Brooks reveals on the House floor that he has prostate cancer: ""Losing the Senate race may have sav… https://t.co/HxxkCbIRfX",77
0.4019,Wed Dec 13 16:10:04 +0000 2017,0.0,0.124,@CNN,Prince Harry and Meghan Markle will spend their first Christmas as an engaged couple with Queen Elizabeth and other… https://t.co/AiAkseSNfP,78
0.3947,Wed Dec 13 16:00:07 +0000 2017,0.0,0.16,@CNN,The Senate is now very much in play in 2018 | Analysis by @CillizzaCNN https://t.co/2DTiilNpfV https://t.co/agZg0QUcoD,79
-0.3818,Wed Dec 13 15:50:13 +0000 2017,0.206,0.0,@CNN,5 takeaways from Doug Jones' massive upset victory in Alabama https://t.co/nmIZz5S9X7 https://t.co/CMaekRdhmM,80
0.0,Wed Dec 13 15:43:09 +0000 2017,0.0,0.0,@CNN,"Charles Barkley on Doug Jones' victory in Alabama: This is ""a wake-up call for Democrats... ""It's time for them to… https://t.co/nbCqreEolh",81
-0.8591,Wed Dec 13 15:34:31 +0000 2017,0.429,0.0,@CNN,Senate Minority Leader Chuck Schumer has reported a fake complaint accusing him of sexual harassment to Capitol Pol… https://t.co/tr3VvGBVpu,82
0.7184,Wed Dec 13 15:20:10 +0000 2017,0.051,0.265,@CNN,Three Florida men seen in a viral video laughing and smiling as a shark gets dragged behind a high-speed boat have… https://t.co/gSjWQFuZFd,83
0.0,Wed Dec 13 15:20:05 +0000 2017,0.0,0.0,@CNN,"It's about to be a ""Fuller House"" for John Stamos. The actor is set to become a first-time father at the age of 54.… https://t.co/6cDWoh2J8p",84
0.5799,Wed Dec 13 15:15:38 +0000 2017,0.092,0.265,@CNN,"Omarosa Manigault Newman, one of President Trump's most prominent black supporters, has resigned from her position… https://t.co/qFyYq7eC9u",85
-0.0258,Wed Dec 13 15:00:11 +0000 2017,0.12,0.115,@CNN,"Democratic Sen. Kirsten Gillibrand on President Trump's tweet: ""It was certainly just a sexist smear intended to si… https://t.co/z8Bglfm94z",86
0.5719,Wed Dec 13 14:50:06 +0000 2017,0.0,0.163,@CNN,"President Trump talks about tax reform today, a day after Democrat Doug Jones won one of Alabama's Senate seats. Fo… https://t.co/D1PiS0DJYg",87
-0.2952,Wed Dec 13 14:40:11 +0000 2017,0.145,0.0,@CNN,"President Trump wants more poor Americans to work, but many already do https://t.co/fXGCoseFMH https://t.co/dVFrr1FQSA",88
0.6597,Wed Dec 13 14:34:55 +0000 2017,0.0,0.231,@CNN,Kentucky may become the first state to effectively outlaw abortion. But the women in Appalachia would simply like b… https://t.co/ZoFpDu3NUs,89
0.0258,Wed Dec 13 14:25:26 +0000 2017,0.1,0.105,@CNN,Rep. Peter King: Steve Bannon “does not belong on the national stage. He looks like some disheveled drunk that wand… https://t.co/8gpEIEhp37,90
0.5719,Wed Dec 13 14:10:05 +0000 2017,0.0,0.236,@CNN,"Who is Doug Jones, the Democrat who just won in Alabama? https://t.co/wIPRVoDNbA https://t.co/QWpoes9dcs",91
0.296,Wed Dec 13 13:58:07 +0000 2017,0.071,0.127,@CNN,"Black voters in Alabama -- particularly black women -- voted overwhelmingly in favor of Democrat Doug Jones, accord… https://t.co/zLTOdsj5b4",92
0.3818,Wed Dec 13 13:48:56 +0000 2017,0.0,0.126,@CNN,"RT @NewDay: Rep. Steve King says Steve Bannon ""got too much credit"" for Donald Trump's election victory https://t.co/2YR4AjLz1J https://t.c…",93
0.0258,Wed Dec 13 13:39:32 +0000 2017,0.1,0.105,@CNN,Rep. Peter King: Steve Bannon “does not belong on the national stage. He looks like some disheveled drunk that wond… https://t.co/0CpcjmrMiS,94
0.0,Wed Dec 13 13:31:08 +0000 2017,0.0,0.0,@CNN,Roy Moore refuses to concede to Doug Jones in the Alabama Senate race despite President Trump congratulating Moore'… https://t.co/2AIDxZPAb5,95
0.3182,Wed Dec 13 13:20:56 +0000 2017,0.0,0.087,@CNN,"RT @NewDay: Alabama Secretary of State: ""The people of Alabama wanted to make sure their voice was heard... Judge Moore is not the victor i…",96
0.0,Wed Dec 13 13:11:21 +0000 2017,0.0,0.0,@CNN,"Alabama Secretary of State: ""I know a lot of people would say it's never over until it's over, but the margin of vi… https://t.co/uXNAKooNgP",97
0.0258,Wed Dec 13 12:48:05 +0000 2017,0.086,0.09,@CNN,Beverly Nelson: “There’s no reason for me to go and lie on television when this was the truth from day one. I inten… https://t.co/P8POCNPP5H,98
-0.8074,Wed Dec 13 12:47:49 +0000 2017,0.304,0.0,@CNN,"Beverly Nelson, who has accused Roy Moore of sexual assault when she was a teen: “Roy Moore’s loss means to me the… https://t.co/hO2zU4oWIO",99
0.0,Wed Dec 13 12:40:03 +0000 2017,0.0,0.0,@CNN,Steve Bannon's political science experiment blew up in Trump's face | via @CNNopinion https://t.co/M7fX95nMWM https://t.co/S9XJUKklFY,100
0.34,Thu Dec 14 01:50:01 +0000 2017,0.0,0.124,@CBSNews,National Security Adviser H.R. McMaster dismisses proposal floated by Secretary of State Rex Tillerson -- that the… https://t.co/1TFv9pXQjS,1
0.8001,Thu Dec 14 01:30:01 +0000 2017,0.0,0.309,@CBSNews,"On Capitol Hill, Republicans were so relieved following Doug Jones' win, ""you'd think they picked up a seat,""… https://t.co/hzekYJRY1T",2
0.0,Thu Dec 14 01:10:02 +0000 2017,0.0,0.0,@CBSNews,"U.S. embassy opening next month in London, a 12-story glass cube on the banks of the River Thames, cost more than $… https://t.co/dcuGoJ6Liq",3
-0.296,Thu Dec 14 00:50:27 +0000 2017,0.121,0.0,@CBSNews,"Three women — a former Def Jam Recordings employee, a singer and a music journalist — have accused music mogul Russ… https://t.co/m28khBnVkC",4
-0.4404,Thu Dec 14 00:34:28 +0000 2017,0.17,0.0,@CBSNews,NEW: Omarosa Manigault Newman was escorted from the White House after she protested the terms of her firing from Ch… https://t.co/k72KXPU5GR,5
0.0,Thu Dec 14 00:15:32 +0000 2017,0.0,0.0,@CBSNews,"Giant human-sized penguins, weighing around 223 pounds, once roamed the Earth https://t.co/n0GyERyzDl ? https://t.co/qZOu4eaU2o",6
0.6597,Thu Dec 14 00:00:52 +0000 2017,0.0,0.231,@CBSNews,The special relation slip between America and Britain requires a very special U.S. Embassy in London. The new one o… https://t.co/KLOsOpYUmP,7
0.0,Wed Dec 13 23:56:41 +0000 2017,0.0,0.0,@CBSNews,"CBS News has learned Chief of Staff John Kelly informed Omarosa that January 20th, the anniversary of the inaugurat… https://t.co/I4kzqFlB4x",8
-0.2732,Wed Dec 13 23:46:18 +0000 2017,0.116,0.0,@CBSNews,"Republicans say Mueller's investigation of Russian election meddling is biased against Pres. Trump, and they point… https://t.co/niDSwXxKhA",9
0.0,Wed Dec 13 23:42:35 +0000 2017,0.0,0.0,@CBSNews,"""The major takeaway for Republicans is what kind of candidates are they going to nominate in other states where the… https://t.co/mDlp6BmYn9",10
0.3818,Wed Dec 13 23:39:20 +0000 2017,0.0,0.133,@CBSNews,".@nancycordes has reaction from Capitol Hill, where Republican senators seemed relieved Roy Moore wasn't going to j… https://t.co/tvCSbuEzrS",11
0.0,Wed Dec 13 23:36:20 +0000 2017,0.0,0.0,@CBSNews,Doug Jones became the first Democrat to become Senator in Alabama in over two decades. @BojorquezCBS explains how h… https://t.co/F48JVlng6O,12
0.0,Wed Dec 13 23:22:30 +0000 2017,0.0,0.0,@CBSNews,"RT @CBSThisMorning: After our recent conversation with female leaders (https://t.co/RjvqW6b4wh), we're now talking to a group of men about…",13
0.0,Wed Dec 13 23:18:33 +0000 2017,0.0,0.0,@CBSNews,RT @CBSEveningNews: Here's a look at what's coming up tonight on the @CBSEveningNews with @JeffGlor https://t.co/SITFFNiKPv,14
0.7184,Wed Dec 13 22:59:23 +0000 2017,0.0,0.231,@CBSNews,"""There is hope and if anyone can make it, your dad can."" Former Vice President Joe Biden comforts ""The View"" co-hos… https://t.co/4MH2Kwfu0T",15
-0.6124,Wed Dec 13 22:32:03 +0000 2017,0.185,0.059,@CBSNews,"Sen. John McCain admitted to Walter Reed Hospital for ""normal side effects"" of his cancer treatments, his office sa… https://t.co/NtCKoCrlZF",16
-0.6705,Wed Dec 13 22:12:01 +0000 2017,0.257,0.0,@CBSNews,"Two people killed in shooting on Penn State Beaver campus, authorities say https://t.co/s3mTdPML31 https://t.co/6KcXmZUghO",17
0.0,Wed Dec 13 21:47:33 +0000 2017,0.0,0.0,@CBSNews,"In New York Times op-ed, Salma Hayek writes that rebuffing Harvey Weinstein's advances led to nightmare experience… https://t.co/HHs4i8Xziq",18
-0.3612,Wed Dec 13 21:28:11 +0000 2017,0.106,0.0,@CBSNews,"Doug Jones: ""Going forward, this country has a debt that we owe to women everywhere who [have] had to endure the ki… https://t.co/EXmuotvM8J",19
0.4404,Wed Dec 13 21:24:44 +0000 2017,0.0,0.127,@CBSNews,"Jones: ""This campaign has given a lot of people a reason to believe. They have a reason to hope that, you know, eve… https://t.co/vSZHKk8RO7",20
0.2732,Wed Dec 13 21:18:18 +0000 2017,0.0,0.134,@CBSNews,"""Citizens are not always looking for someone who agrees with them all of the time,"" Doug Jones says. ""They want som… https://t.co/8CW6PYu7sX",21
0.0,Wed Dec 13 21:13:49 +0000 2017,0.0,0.0,@CBSNews,Senator-elect Doug Jones says one of the first congratulatory calls he received was from current AL Sen. Luther Str… https://t.co/bgraFlJns7,22
0.4939,Wed Dec 13 21:12:09 +0000 2017,0.0,0.158,@CBSNews,"Jones: ""I have received calls from Democratic senators. I've received calls from my longtime friend Senator Shelby;… https://t.co/L5EGUwiVEd",23
-0.3818,Wed Dec 13 21:09:54 +0000 2017,0.14,0.0,@CBSNews,"NOW: Doug Jones holds press conference in Birmingham, AL after defeating Roy Moore in Senate race… https://t.co/jXwJc3526n",24
0.5859,Wed Dec 13 21:07:01 +0000 2017,0.0,0.174,@CBSNews,COMING UP: Senator-elect Doug Jones to hold press conference after Tuesday win; Jones to become first Democratic se… https://t.co/05RsPBGz9L,25
-0.5859,Wed Dec 13 20:42:40 +0000 2017,0.16,0.0,@CBSNews,Former chief prosecutor for the U.S. Air Force from 2010 to 2014 calls academy chief's response to sexual assault i… https://t.co/ea9sQcrE9P,26
0.399,Wed Dec 13 20:23:44 +0000 2017,0.0,0.118,@CBSNews,"Pres. Trump on tax reform: ""We will have very little Democratic support, probably none, and that is purely for poli… https://t.co/hVsTYsuuxr",27
0.1027,Wed Dec 13 20:04:53 +0000 2017,0.102,0.121,@CBSNews,"""As a candidate, I promised we would pass a massive tax cut for the everyday working American family...now, we are… https://t.co/wghZ7q17Uu",28
0.0258,Wed Dec 13 20:03:05 +0000 2017,0.0,0.055,@CBSNews,"COMING UP: Pres. Trump to speak about tax reform as House, Senate GOP reach deal on tax bill https://t.co/y3i5326SS5 https://t.co/u3ekg3FN5J",29
-0.0516,Wed Dec 13 19:50:01 +0000 2017,0.089,0.078,@CBSNews,"Sen. Chuck Schumer says he is ""pursuing every legal path"" against whoever circulated a forged document accusing him… https://t.co/o6APA2jPHY",30
0.6369,Wed Dec 13 19:34:21 +0000 2017,0.0,0.286,@CBSNews,NOW: Outgoing Federal Reserve Chair Janet Yellen speaks; Fed raises benchmark interest rate https://t.co/STkxUsW2ws https://t.co/Xt0kAwser5,31
0.1655,Wed Dec 13 19:30:01 +0000 2017,0.073,0.149,@CBSNews,"Crews have made increased gains on one of the biggest wildfires in California history,  but officials warn that the… https://t.co/CxaRHA3OXB",32
0.4588,Wed Dec 13 19:18:30 +0000 2017,0.0,0.143,@CBSNews,"@CBSNews MORE: The Federal Reserve is raising a key interest rate for the third time this year, signaling continued… https://t.co/quix8Ok4hR",33
0.4588,Wed Dec 13 19:06:29 +0000 2017,0.0,0.25,@CBSNews,JUST IN: Federal Reserve hikes interest rate by a quarter point,34
-0.2746,Wed Dec 13 19:00:02 +0000 2017,0.204,0.115,@CBSNews,"Deputy Attorney General Rod Rosenstein tells Congress he hasn't seen ""good cause"" to fire special counsel Robert Mu… https://t.co/nUeTwqIKF4",35
0.0,Wed Dec 13 18:49:47 +0000 2017,0.0,0.0,@CBSNews,"""The public knows about this bill. They don't know all the details but they smell what is going on and that is tax… https://t.co/IDVpl2y0XA",36
0.4404,Wed Dec 13 18:47:12 +0000 2017,0.0,0.139,@CBSNews,"""I hope [Republicans] saw that lesson last night in suburban America where people paid attention, understood the im… https://t.co/sJdbDrI0FO",37
-0.25,Wed Dec 13 18:45:37 +0000 2017,0.158,0.0,@CBSNews,"After investigating a viral video that showed a shark being dragged by a boat, officials have charged three men wit… https://t.co/d9sv5uCRGQ",38
0.0,Wed Dec 13 18:43:20 +0000 2017,0.0,0.0,@CBSNews,"WATCH LIVE: Rep. Nancy Pelosi, Sen. Chuck Schumer hold a news conference on the GOP tax plan https://t.co/T5uqoA85rO https://t.co/BYJ60fBD1x",39
0.5267,Wed Dec 13 18:30:33 +0000 2017,0.0,0.18,@CBSNews,"If it's clear Wednesday night or early Thursday, go outside -- one of 2017's top meteor showers will peak with a st… https://t.co/Sbm2AUJKea",40
0.0,Wed Dec 13 18:08:42 +0000 2017,0.0,0.0,@CBSNews,"""I will say we have to get more senators and more congressmen that are Republicans elected in '18 and then you'll s… https://t.co/GW9Lag9I77",41
0.0772,Wed Dec 13 18:06:55 +0000 2017,0.0,0.061,@CBSNews,"""They can say all they want about the last administration or even adminstrations. This country was going in the wro… https://t.co/KZo0EVyd7R",42
0.0,Wed Dec 13 18:02:21 +0000 2017,0.0,0.0,@CBSNews,"""We're very, very close to a historic legislative victory,"" President Trump says of tax plan https://t.co/1rmY8W5N63 https://t.co/9zc2MgHfxh",43
0.0,Wed Dec 13 17:57:48 +0000 2017,0.0,0.0,@CBSNews,MOMENTS AGO: President Trump speaks to reporters after meeting with House and Senate tax conferees… https://t.co/CneYsMzRWw,44
0.5574,Wed Dec 13 17:39:31 +0000 2017,0.0,0.235,@CBSNews,"House and Senate leaders have reached an agreement on the sweeping tax package, Associated Press reports… https://t.co/RzyrPmPPCw",45
0.5106,Wed Dec 13 17:24:38 +0000 2017,0.0,0.148,@CBSNews,"A strong black voter turn out, women and young people handed Doug Jones his victory for Alabama's Senate race. Here… https://t.co/opiW6GTeAi",46
0.0,Wed Dec 13 17:00:02 +0000 2017,0.0,0.0,@CBSNews,Minnesota Governor Mark Dayton announces Lt. Gov. Tina Smith as his choice to replace Al Franken in the Senate:… https://t.co/1RtVETVdC3,47
0.8316,Wed Dec 13 16:45:44 +0000 2017,0.0,0.395,@CBSNews,"Want a futuristic home? Learn how these smart devices could make your home smarter, and your chores easier. Present… https://t.co/1KaQsqRaC0",48
0.5859,Wed Dec 13 16:45:01 +0000 2017,0.0,0.174,@CBSNews,"Former Vice President Joe Biden says Doug Jones' win in Alabama ""sends a message"" to Americans amid persistent part… https://t.co/rtUyojPwlV",49
-0.5789,Wed Dec 13 16:30:01 +0000 2017,0.253,0.0,@CBSNews,"Man accused of carrying out bomb attack in NYC's subway system followed radical Muslim preacher, but appears to hav… https://t.co/rmiEC86RjR",50
0.0,Wed Dec 13 16:15:02 +0000 2017,0.0,0.0,@CBSNews,The first contingent of U.S. Marines sent back into Afghanistan's turbulent Helmand province to tackle a resurgent… https://t.co/xToy9Jj9pr,51
0.3182,Wed Dec 13 16:05:04 +0000 2017,0.0,0.108,@CBSNews,"""We recognize we have employees with political opinions. It is our responsibility to make sure those opinions do no… https://t.co/wndkBY9nu8",52
0.4019,Wed Dec 13 15:57:41 +0000 2017,0.0,0.153,@CBSNews,"""I'm not aware of any impropriety "" in the special counsel's investigation, Deputy AG Rosenstein says… https://t.co/HlyOIuaAY5",53
0.4939,Wed Dec 13 15:45:38 +0000 2017,0.104,0.243,@CBSNews,"Rep. Nadler: Have you seen good cause to fire special counsel Robert Mueller?
Deputy AG Rosenstein: ""No.""… https://t.co/aXOSGfGT5L",54
0.2023,Wed Dec 13 15:45:01 +0000 2017,0.0,0.083,@CBSNews,"Sea ice melting at the fastest pace in 1,500 years at the top of the world, Arctic Report Card finds:… https://t.co/DGWBo3DnEW",55
0.0,Wed Dec 13 15:44:00 +0000 2017,0.0,0.0,@CBSNews,Rep. Nadler: Has the DOJ conducted an initial assessment review of evidence related to James Comey's handling of Hi… https://t.co/DMS8geF1qq,56
0.0,Wed Dec 13 15:34:17 +0000 2017,0.0,0.0,@CBSNews,"""The that memo you're familiar with that I provided reflects my personal opinion. It's not an official finding of m… https://t.co/SiPQXhgzJ1",57
-0.0516,Wed Dec 13 15:30:33 +0000 2017,0.07,0.0,@CBSNews,"Omarosa Manigault Newman, White House official and former ""Apprentice"" star, plans to leave the Trump administratio… https://t.co/qa8CcXHAGj",58
0.0,Wed Dec 13 15:12:54 +0000 2017,0.0,0.0,@CBSNews,WATCH LIVE: Deputy Attorney General Rod Rosenstein is testifying before the House Judiciary Committee for an oversi… https://t.co/8Znm3CYCKX,59
0.6962,Wed Dec 13 14:48:50 +0000 2017,0.0,0.277,@CBSNews,"JUST IN: Omarosa Manigault Newman, one of President Trump’s most prominent African-American supporters, plans to le… https://t.co/a2xXIQTrq7",60
0.0,Wed Dec 13 14:45:57 +0000 2017,0.0,0.0,@CBSNews,"""2020's coming. How will you be serving your time?"" Former Vice President Joe Biden answers questions on prospects… https://t.co/oXOJHi53rO",61
0.0,Wed Dec 13 14:31:01 +0000 2017,0.0,0.0,@CBSNews,"RT @CBSThisMorning: Here's our full conversation with @JoeBiden on the victory in Alabama, thoughts on Trump administration and 2020 run?…",62
0.4865,Wed Dec 13 14:30:31 +0000 2017,0.0,0.136,@CBSNews,"""I've never met any president that has more character, more integrity and more backbone than this guy does. It was… https://t.co/TeDEYTHrxH",63
0.0,Wed Dec 13 14:27:31 +0000 2017,0.0,0.0,@CBSNews,AHEAD: Deputy Attorney General Rod Rosenstein is testifying before the House Judiciary Committee for an oversight h… https://t.co/ZhNqL1muuN,64
-0.0005,Wed Dec 13 14:15:38 +0000 2017,0.126,0.126,@CBSNews,"""The divisiveness was caused within the Republican Party ... [Senate Republicans] are not comfortable in this terri… https://t.co/NLgZ86R8Uk",65
-0.5267,Wed Dec 13 14:10:31 +0000 2017,0.152,0.0,@CBSNews,"RT @CBSThisMorning: When President Trump tweets that Sen. Gillibrand “would do anything,” how did you take that?

“It's disgusting. I never…",66
0.296,Wed Dec 13 14:00:04 +0000 2017,0.0,0.128,@CBSNews,"Prince Harry's fiancee, Meghan Markle, is set to join Britain's royal family for Christmas: https://t.co/Kwjy0tgAk8 https://t.co/RRff1LqoLL",67
0.0,Wed Dec 13 13:51:23 +0000 2017,0.0,0.0,@CBSNews,RT @CBSThisMorning: We now have 100 congressional Democrats calling on to investigate President Trump's alleged sexual misconduct. Do you t…,68
0.0,Wed Dec 13 13:47:55 +0000 2017,0.0,0.0,@CBSNews,Sir James Dyson is the founder and chief engineer at @Dyson joins @CBSThisMorning: https://t.co/2VVVDh4ztb,69
0.6249,Wed Dec 13 13:47:07 +0000 2017,0.0,0.231,@CBSNews,Dyson is a company known for its bold designs and unique reinventions of common household products like the world's… https://t.co/eHUMemvcAk,70
0.0,Wed Dec 13 13:37:35 +0000 2017,0.0,0.0,@CBSNews,RT @CBSThisMorning: Former Vice President @JoeBiden on Trump administration: I do think they're doing a decent job at the @UN with regard t…,71
0.4404,Wed Dec 13 13:36:10 +0000 2017,0.098,0.221,@CBSNews,"Former Vice President @JoeBiden discusses his new book, ""Promise Me, Dad: A Year of Hope, Hardship, and Purpose” on… https://t.co/VsfU2tYTZB",72
0.0,Wed Dec 13 13:32:18 +0000 2017,0.0,0.0,@CBSNews,"“If I got offered the job this moment by the Lord Almighty, I’d say ‘no,’” @JoeBiden says on running for president,… https://t.co/hsfcf3XFBd",73
0.5574,Wed Dec 13 13:29:27 +0000 2017,0.0,0.161,@CBSNews,"“I kid him and say ‘I don’t know how you have so much time to play golf,’ -- it’s a joke because he always calls to… https://t.co/mss6buTZST",74
0.0,Wed Dec 13 13:26:44 +0000 2017,0.0,0.0,@CBSNews,".@NorahODonnell: When @POTUS tweets that Sen. Gillibrand would do anything for a campaign contribution, what do you… https://t.co/LJ4juY8Tei",75
0.2732,Wed Dec 13 13:25:06 +0000 2017,0.095,0.133,@CBSNews,RT @CBSThisMorning: WATCH: Former VP @JoeBiden on Doug Jones win: “It sends a message that not only did they reject all of [Roy Moore] stoo…,76
0.3612,Wed Dec 13 13:22:02 +0000 2017,0.0,0.102,@CBSNews,"“Last night, instead of taking the victory lap like a lot of Democrats may have wanted him to do, and say ‘wow, thi… https://t.co/LPSLa8kIH8",77
-0.1531,Wed Dec 13 13:20:01 +0000 2017,0.096,0.0,@CBSNews,"Mother who relies on CHIP for her children speaks out as funding deadline looms
https://t.co/swiz9P7T4Q https://t.co/o2oHJVHFHW",78
-0.4019,Wed Dec 13 13:19:03 +0000 2017,0.109,0.0,@CBSNews,"“It sends a message that not only did they reject all of what [Roy Moore] stood for, in terms of his attitude towar… https://t.co/GFziohtRib",79
-0.9432,Wed Dec 13 13:16:34 +0000 2017,0.455,0.0,@CBSNews,"Former VP Joe Biden’s son, Beau, died more than two years ago after a battle with brain cancer. The tragedy came as… https://t.co/oQrUl5ipDa",80
0.0,Wed Dec 13 13:11:13 +0000 2017,0.0,0.0,@CBSNews,RT @CBSThisMorning: Former Vice President @JoeBiden is in Studio 57. He joins us live next on CBS. https://t.co/TLIZr076Ux,81
0.3182,Wed Dec 13 13:09:46 +0000 2017,0.0,0.103,@CBSNews,AHEAD on @CBSThisMorning: Former Vice President Joe Biden is in Studio 57. He’ll talk about the promise he made to… https://t.co/HLx5DlNZjn,82
-0.34,Wed Dec 13 13:07:49 +0000 2017,0.138,0.0,@CBSNews,Government climate scientists are sounding the alarm about profound and historic change in the Arctic https://t.co/ZnSIldV7hr,83
-0.9246,Wed Dec 13 13:06:33 +0000 2017,0.456,0.0,@CBSNews,The suspect facing federal terrorism charges for the attempted suicide bombing in New York City is expected to make… https://t.co/YlgIqBJIiD,84
0.0,Wed Dec 13 13:05:10 +0000 2017,0.0,0.0,@CBSNews,An Alabama Democrat is heading to the U.S. Senate for the first time in more two decades. Doug Jones beat Republica… https://t.co/r5AR4rquP5,85
0.0,Wed Dec 13 13:00:02 +0000 2017,0.0,0.0,@CBSNews,Minnesota Gov. Mark Dayton is set to reveal his choice Wednesday to replace Al Franken in the U.S. Senate:… https://t.co/r1NngvoPwi,86
0.0,Wed Dec 13 12:52:58 +0000 2017,0.0,0.0,@CBSNews,Here’s a look at some of this morning’s other headlines on @CBSThisMorning https://t.co/rUHabYNNZB,87
0.0,Wed Dec 13 12:46:59 +0000 2017,0.0,0.0,@CBSNews,COMING UP on @CBSThisMorning: Former Vice President Joe Biden is Studio 57 https://t.co/kwxR9711f2,88
0.0,Wed Dec 13 12:44:56 +0000 2017,0.0,0.0,@CBSNews,"Federal funding for the Children's Health Insurance Program, or CHIP, expired in September. CHIP covers nearly nine… https://t.co/cqHJimYuGJ",89
0.0,Wed Dec 13 12:41:11 +0000 2017,0.0,0.0,@CBSNews,"“The reality is, when women come forward and report at the [Air Force] academy, they’re putting their career at per… https://t.co/VLw4Jh7war",90
-0.2755,Wed Dec 13 12:41:09 +0000 2017,0.095,0.0,@CBSNews,"Lawmakers cannot agree on how to fund the Children’s Health Insurance Program, and it’s money could run out soon in… https://t.co/MvtDR75Y3U",91
0.0258,Wed Dec 13 12:40:01 +0000 2017,0.117,0.121,@CBSNews,"Following a major upset in the Alabama special election, President Trump suggests he knew GOP candidate Judge Roy M… https://t.co/CsvCUKLzrg",92
0.0,Wed Dec 13 12:37:42 +0000 2017,0.0,0.0,@CBSNews,“The Air Forces’ own numbers show the last academic year: 11.2% of all women cadets were sexual assaulted...47% wer… https://t.co/hTliC4ofO7,93
0.0,Wed Dec 13 12:35:09 +0000 2017,0.0,0.0,@CBSNews,Retired Colonel Don Christensen served as chief prosecutor for the U.S. Air Force from 2010 to 2014. He's now presi… https://t.co/cIxzZNlDhD,94
-0.5859,Wed Dec 13 12:34:01 +0000 2017,0.174,0.0,@CBSNews,"In a @CBSThisMorning investigation, we are looking into the way sexual assault were handled at the Air Force Academ… https://t.co/kgHHe8Yf1J",95
0.7351,Wed Dec 13 12:32:45 +0000 2017,0.0,0.22,@CBSNews,"Here are three things you need to know this morning:
1?? How Doug Jones won
2?? U.S. ready to talk to North Korea… https://t.co/ILJncCcqjo",96
0.4019,Wed Dec 13 12:24:23 +0000 2017,0.0,0.119,@CBSNews,"RT @CBSThisMorning: “This is one of the most Republican states in the country. Democrats have outperformed this year, in special elections,…",97
0.0,Wed Dec 13 12:21:11 +0000 2017,0.0,0.0,@CBSNews,"If Congress does not act, funding for the Children’s Health Insurance Program will run out soon. Ahead on… https://t.co/TTGxyYsEUN",98
-0.4588,Wed Dec 13 12:20:01 +0000 2017,0.176,0.0,@CBSNews,FBI agent Peter Strzok's texts with Lisa Page disparage Donald Trump throughout campaign: https://t.co/UAiSWGB6do https://t.co/5NeEus60Wz,99
-0.6705,Wed Dec 13 12:18:37 +0000 2017,0.184,0.0,@CBSNews,"The widow of Daniel Shaver, a man killed by an Arizona police officer, is speaking out after the officer was found… https://t.co/2yq6rDBOgZ",100
0.8955,Thu Dec 14 02:01:21 +0000 2017,0.0,0.403,@BBCWorld,"RT @BBCNewsAsia: India's oldest chimpanzee is gearing up for a grand birthday bash in Delhi! 

Happy birthday, lovely Rita: https://t.co/bo…",1
0.0,Thu Dec 14 00:38:33 +0000 2017,0.0,0.0,@BBCWorld,Split Sanaa https://t.co/miWDmbaAFb,2
0.6369,Thu Dec 14 00:19:39 +0000 2017,0.0,0.512,@BBCWorld,Love in North Korea https://t.co/ShOEjFSWIO,3
0.0,Thu Dec 14 00:15:55 +0000 2017,0.0,0.0,@BBCWorld,'The blood is speaking' https://t.co/3wpatEtVpY,4
0.0,Wed Dec 13 23:03:23 +0000 2017,0.0,0.0,@BBCWorld,"Swiss church bells can chime again at night, says court https://t.co/fh8Kx7gke9",5
-0.0258,Wed Dec 13 22:59:24 +0000 2017,0.099,0.0,@BBCWorld,Ecuador VP Jorge Glas sentenced for corruption in Odebrecht case https://t.co/mfwspmhHIn,6
-0.8271,Wed Dec 13 22:42:39 +0000 2017,0.461,0.0,@BBCWorld,Harvey Weinstein: Salma Hayek alleges he threatened to kill her https://t.co/pGI6ljpFi8,7
-0.8402,Wed Dec 13 22:18:12 +0000 2017,0.471,0.0,@BBCWorld,Militiamen jailed in DR Congo's Kavumu for raping 40 children https://t.co/OBTR3zInw2,8
0.0,Wed Dec 13 22:10:44 +0000 2017,0.0,0.0,@BBCWorld,"RT @BBCSport: Chris Froome says his legacy will not be tainted after returning an ""adverse"" drugs test at the Vuelta a Espana.

Read more:…",9
0.0,Wed Dec 13 21:57:11 +0000 2017,0.0,0.0,@BBCWorld,'They sold me three times' https://t.co/PauFQd9Xiv,10
0.0,Wed Dec 13 21:40:57 +0000 2017,0.0,0.0,@BBCWorld,Dramatic end to Los Angeles car chase https://t.co/u4cZ7NGvYw,11
0.0,Wed Dec 13 21:13:25 +0000 2017,0.0,0.0,@BBCWorld,Beware when rescuing baby elephants https://t.co/P8qu70nlxG,12
-0.7906,Wed Dec 13 20:41:48 +0000 2017,0.438,0.0,@BBCWorld,Polygamist sect leader Jeff Warrens jailed for food fraud scheme https://t.co/cqpEwqagfV,13
0.4588,Wed Dec 13 19:12:26 +0000 2017,0.0,0.3,@BBCWorld,US Federal Reserve raises interest rates again https://t.co/Qa5xYqukwY,14
0.0,Wed Dec 13 18:50:38 +0000 2017,0.0,0.0,@BBCWorld,"RT @BBC_HaveYourSay: A London cycle lane had more than just cyclists during this morning's rush hour ? ??
https://t.co/gJRb1HSKVh",15
0.2682,Wed Dec 13 18:49:54 +0000 2017,0.0,0.206,@BBCWorld,Record attempt for most people playing single piano https://t.co/CH6MhN6vQ6,16
0.0,Wed Dec 13 18:37:27 +0000 2017,0.0,0.0,@BBCWorld,Nuclear flashback https://t.co/q3UgDs3Ujm,17
0.0,Wed Dec 13 18:33:23 +0000 2017,0.0,0.0,@BBCWorld,The one-year-old who snowboards in US https://t.co/7GSvY1BOsn,18
-0.3182,Wed Dec 13 18:18:52 +0000 2017,0.204,0.0,@BBCWorld,Alabama election: Trump says Senate loss proves him right https://t.co/OIF5ERqMcA,19
0.0,Wed Dec 13 18:11:15 +0000 2017,0.0,0.0,@BBCWorld,"'Homeless' man found €300,000 in Paris airport https://t.co/QyV6ScHuFt",20
-0.5574,Wed Dec 13 18:03:49 +0000 2017,0.141,0.0,@BBCWorld,"RT @BBCBusiness: ""It was just an incredible, incredible experience."" As Saudi Arabia lifts a 35 year ban on movie theaters, one of its bigg…",21
0.0,Wed Dec 13 18:03:07 +0000 2017,0.0,0.0,@BBCWorld,Never stand between a mother and her baby ? https://t.co/G7q45aJj1f,22
-0.6908,Wed Dec 13 17:34:49 +0000 2017,0.32,0.0,@BBCWorld,Swedish 'laser man' Ausonius on trial for 1992 German murder https://t.co/cxL12nv309,23
0.0,Wed Dec 13 17:30:47 +0000 2017,0.0,0.0,@BBCWorld,Starbucks store's wi-fi made computers mine crypto-currency https://t.co/620GWxvKMs,24
0.0,Wed Dec 13 17:09:48 +0000 2017,0.0,0.0,@BBCWorld,Thumbs up https://t.co/hJgJua30LQ,25
-0.5106,Wed Dec 13 16:54:29 +0000 2017,0.216,0.0,@BBCWorld,"RT @BBC_HaveYourSay: Angry Lazio fans give referee's restaurant the red card ????
https://t.co/LldGLn0WVn",26
-0.4767,Wed Dec 13 16:10:52 +0000 2017,0.256,0.0,@BBCWorld,"Jacob Zuma, South Africa's president, suffers double court blow https://t.co/28h7pYZZCq",27
-0.0516,Wed Dec 13 16:03:36 +0000 2017,0.118,0.0,@BBCWorld,Omarosa Manigault Newman to leave White House next month https://t.co/SA6YJ3XKvV,28
-0.6124,Wed Dec 13 14:59:51 +0000 2017,0.294,0.0,@BBCWorld,Joshua Holt: Venezuela court rules US man to be tried on weapons charges https://t.co/Op5cDZqOBm,29
0.6369,Wed Dec 13 14:46:39 +0000 2017,0.0,0.342,@BBCWorld,Last chance to save the 'panda of the sea' from extinction https://t.co/QLfCBKTt8O,30
-0.4019,Wed Dec 13 14:16:45 +0000 2017,0.231,0.0,@BBCWorld,Injured dog gets 'blade runner' prosthetic legs in Thailand https://t.co/hpBeKnAYGi,31
-0.2023,Wed Dec 13 13:43:35 +0000 2017,0.231,0.0,@BBCWorld,El Salvador reviews controversial baby-murder case https://t.co/UCUyhKOHqf,32
0.0,Wed Dec 13 12:57:43 +0000 2017,0.0,0.0,@BBCWorld,"LinkedIn hosted jihadist lectures, Blair institute reveals https://t.co/kv106VTAIZ",33
-0.4019,Wed Dec 13 12:25:41 +0000 2017,0.252,0.0,@BBCWorld,Switzerland's Gotthard road tunnel closed by deadly crash https://t.co/BjqndIvInr,34
-0.9432,Wed Dec 13 11:53:06 +0000 2017,0.696,0.0,@BBCWorld,Yemen war: Air strikes on rebel prison in Sanaa 'kill 30' https://t.co/e8Azox5BMw,35
-0.296,Wed Dec 13 11:30:55 +0000 2017,0.268,0.0,@BBCWorld,Two Reuters journalists missing in Myanmar https://t.co/AMKBE3fs3s,36
0.4404,Wed Dec 13 11:18:00 +0000 2017,0.0,0.127,@BBCWorld,"RT @BBCSteveR: As Vladimir Putin tells Russian troops in Syria they can return home ""victorious"", is this mission accomplished for Moscow?…",37
0.0,Wed Dec 13 10:51:26 +0000 2017,0.0,0.0,@BBCWorld,India 'replacement husband' plot alleged https://t.co/oQ7gpGvacC,38
0.0,Wed Dec 13 10:41:33 +0000 2017,0.0,0.0,@BBCWorld,'Feminism' is Merriam-Webster dictionary's word of the year https://t.co/X4yN7eHkYD,39
0.0,Wed Dec 13 10:14:50 +0000 2017,0.0,0.0,@BBCWorld,Erdogan: World should recognise Jerusalem as Palestinian capital https://t.co/SLXSWhuzez,40
0.0,Wed Dec 13 09:26:46 +0000 2017,0.0,0.0,@BBCWorld,RT @BBCMonitoring: Turkish President Recep Tayyip Erdogan has called on the international community to recognise Jerusalem as the capital o…,41
-0.4404,Wed Dec 13 08:15:27 +0000 2017,0.17,0.0,@BBCWorld,"As Facebook fights backs against claims by an ex-boss that it's ""ripping society apart"" — do you think the social n… https://t.co/j6pIQseVh5",42
-0.34,Wed Dec 13 08:07:24 +0000 2017,0.286,0.0,@BBCWorld,Raqqa casualties: 'I blame the coalition' https://t.co/OXdK9Tlhlk,43
0.296,Wed Dec 13 08:00:35 +0000 2017,0.0,0.268,@BBCWorld,Warmer Arctic is the 'new normal' https://t.co/mohKnWYDtt,44
-0.4996,Wed Dec 13 07:59:07 +0000 2017,0.193,0.082,@BBCWorld,"RT @BBCSteveR: ""Why are we always looking for enemies? We made a mistake with doping - so admit it."" In one Russian paper today, a rare adm…",45
-0.3818,Wed Dec 13 07:37:10 +0000 2017,0.206,0.0,@BBCWorld,Alabama upset: What Jones victory over Moore means for Trump https://t.co/AVTAP610W1,46
0.296,Wed Dec 13 07:37:10 +0000 2017,0.176,0.261,@BBCWorld,'Lonely gifs' by Motocross Saito celebrate solitude in Japan https://t.co/vjxt6izXcp,47
0.0,Wed Dec 13 07:15:21 +0000 2017,0.0,0.0,@BBCWorld,RT @BBCNorthAmerica: Roy Moore doesn't concede in Alabama Senate race https://t.co/XXgVk7c62d,48
0.4767,Wed Dec 13 07:01:09 +0000 2017,0.0,0.279,@BBCWorld,Google to open artificial intelligence centre in China https://t.co/stOpDsv8xj,49
0.0,Wed Dec 13 07:01:09 +0000 2017,0.0,0.0,@BBCWorld,US helicopter part crashes on Japanese school in Okinawa https://t.co/ELwJTHqCH8,50
0.0,Wed Dec 13 06:39:16 +0000 2017,0.0,0.0,@BBCWorld,Softening tone https://t.co/y3JYJlc2nK,51
0.0,Wed Dec 13 06:10:07 +0000 2017,0.0,0.0,@BBCWorld,"What does Democrat Doug Jones' #AlabamaSenate victory mean?

https://t.co/ShXcdX2nmq https://t.co/8SVcgcABQo",52
0.0,Wed Dec 13 05:23:15 +0000 2017,0.0,0.0,@BBCWorld,"Roy Moore on the #AlabamaSenate race: ""It's not over""

https://t.co/y5z5zvhQNE https://t.co/1qbUtvk5ov",53
0.194,Wed Dec 13 05:11:40 +0000 2017,0.253,0.277,@BBCWorld,"RT @BBCNewsAsia: Don't confuse solitude with loneliness: one expresses the pain of being alone, while the other celebrates the glory https:…",54
0.0,Wed Dec 13 05:03:58 +0000 2017,0.0,0.0,@BBCWorld,Roy Moore's campaign chairman says the Alabama US Senate race is too close to call despite several US outlets repor… https://t.co/knzy93XIG2,55
-0.6369,Wed Dec 13 04:18:02 +0000 2017,0.245,0.0,@BBCWorld,"Democrat Doug Jones defeats Republican Roy Moore, who faced - and denied - allegations of sexual misconduct 

""At t… https://t.co/tGZSUvtmQN",56
-0.7845,Wed Dec 13 04:12:37 +0000 2017,0.496,0.0,@BBCWorld,Husband accused of murder in high-profile Australia mystery https://t.co/juf8fDzDqs,57
0.2023,Wed Dec 13 04:05:02 +0000 2017,0.13,0.17,@BBCWorld,Democrat Doug Jones addresses his constituency after winning the US Senate seat - defeating Roy Moore… https://t.co/Lu5ILA8wNy,58
0.0,Wed Dec 13 03:52:32 +0000 2017,0.0,0.0,@BBCWorld,"RT @SallyBundockBBC: Does #Facebook need to defend itself or do you think it is ""ripping society apart""? Comments to #BBCTheBriefing, see y…",59
-0.4588,Wed Dec 13 03:44:57 +0000 2017,0.3,0.0,@BBCWorld,Jones projected to defeat Moore in Alabama https://t.co/1rBiIiif5P,60
0.5859,Wed Dec 13 03:43:21 +0000 2017,0.0,0.16,@BBCWorld,"RT @BBCBreaking: Doug Jones projected to become the first Democrat in 25 years to win a US Senate seat for Alabama

https://t.co/SbO4cHaaz2",61
-0.1531,Wed Dec 13 03:37:17 +0000 2017,0.199,0.14,@BBCWorld,"RT @BBCBreaking: Democrat Doug Jones projected to win US Senate seat in Alabama, defeating Donald Trump-backed Roy Moore after a bitter cam…",62
0.0,Wed Dec 13 03:28:27 +0000 2017,0.0,0.0,@BBCWorld,Trumplomacy: Rex Tillerson's New Year plans for North Korea https://t.co/FNgSzG0okU https://t.co/hC477v2c7g,63
-0.8689,Wed Dec 13 02:42:16 +0000 2017,0.329,0.0,@BBCWorld,"RT @BBCNewsAsia: In India, a video showing a man hacking another man to death and setting him alight is sparking shock and outrage on socia…",64
0.5505,Wed Dec 13 02:35:05 +0000 2017,0.0,0.259,@BBCWorld,"A huge nope rope. ?

Let it be said that the @QldPolice doesn't do boring! https://t.co/O540B00CiX https://t.co/QeaGPvTcDI",65
0.0,Wed Dec 13 02:19:57 +0000 2017,0.0,0.0,@BBCWorld,Brazil's media cyborgs https://t.co/A9Oi6ojpBC,66
0.0,Wed Dec 13 02:19:56 +0000 2017,0.0,0.0,@BBCWorld,Still relevant https://t.co/oP7qVdbcnP,67
0.128,Wed Dec 13 02:19:56 +0000 2017,0.0,0.429,@BBCWorld,Fashion contender https://t.co/O3KJYEVyvk,68
0.3612,Wed Dec 13 01:48:14 +0000 2017,0.0,0.128,@BBCWorld,"US ready to open North Korea nuclear disarmament talks without preconditions, Secretary of State Rex Tillerson says… https://t.co/93lA2bymVt",69
0.0,Wed Dec 13 01:40:03 +0000 2017,0.0,0.0,@BBCWorld,Mexican Virgin of Guadalupe pilgrimage marred by deaths https://t.co/G4JUZs3Rgu,70
0.4215,Wed Dec 13 01:36:39 +0000 2017,0.0,0.135,@BBCWorld,"RT @BBCMarikoOi: 80yrs since ?? captured Nanjing, I’m sharing my previous articles on history education https://t.co/SMoIDPtguh &amp; why both…",71
0.0,Wed Dec 13 01:19:46 +0000 2017,0.0,0.0,@BBCWorld,Disney set to seal $60bn 21st Century Fox takeover https://t.co/PmaI9zMEMW,72
0.0,Wed Dec 13 00:46:29 +0000 2017,0.0,0.0,@BBCWorld,Zuma lexicon https://t.co/3O9RvYzlKX,73
0.0,Wed Dec 13 00:34:57 +0000 2017,0.0,0.0,@BBCWorld,Russia packs a punch https://t.co/JocEZ14w7T,74
-0.6369,Wed Dec 13 00:34:57 +0000 2017,0.839,0.0,@BBCWorld,Helpless screams https://t.co/C8oWnqOOD6,75
0.6486,Wed Dec 13 00:31:03 +0000 2017,0.0,0.469,@BBCWorld,Queensland police python photo gains internet fame https://t.co/seYC8ajGQu,76
0.0,Wed Dec 13 00:28:36 +0000 2017,0.0,0.0,@BBCWorld,"RT @BBCNorthAmerica: All eyes are on Alabama's election to fill a senate seat. 
The BBC's @KattyKayBBC reports

https://t.co/a1hSfmB5oW htt…",77
-0.4767,Wed Dec 13 00:28:15 +0000 2017,0.204,0.0,@BBCWorld,RT @BBCNorthAmerica: Three women who accused President Donald Trump of sexual misconduct have demanded a congressional inquiry. Jessica Lee…,78
-0.7269,Tue Dec 12 23:03:11 +0000 2017,0.504,0.0,@BBCWorld,DR Congo crisis: On Kasai's hunger road https://t.co/uBEWNEQIQl,79
0.3612,Tue Dec 12 22:49:23 +0000 2017,0.0,0.2,@BBCWorld,"US ready for North Korea talks without preconditions, says Tillerson https://t.co/8NRaeOMKdV",80
-0.5574,Tue Dec 12 22:46:14 +0000 2017,0.338,0.0,@BBCWorld,California Thomas Fire: No end in sight for week-long wildfire https://t.co/IKcI87Nxet,81
-0.5499,Tue Dec 12 21:51:01 +0000 2017,0.173,0.0,@BBCWorld,Republican candidate Roy Moore rode to the polls in Alabama on horseback — but had some trouble leaving… https://t.co/eF6rxWI80u,82
0.4019,Tue Dec 12 21:42:30 +0000 2017,0.0,0.184,@BBCWorld,RT @BBCBusiness: Satoru Anzaki: Dying Japanese man throws 'end of life' party https://t.co/SiLauv97BC,83
0.1779,Tue Dec 12 20:59:07 +0000 2017,0.0,0.221,@BBCWorld,Roy Moore's skittish escape on horseback https://t.co/7MDhKBGo76,84
0.0,Tue Dec 12 20:45:25 +0000 2017,0.0,0.0,@BBCWorld,Venezuela to investigate ex-oil tsar over corruption https://t.co/BMEST0ULAH,85
-0.6908,Tue Dec 12 20:13:42 +0000 2017,0.37,0.0,@BBCWorld,French ex-minister Georges Tron face trial for rape https://t.co/HEejsN1Pmh,86
-0.4939,Tue Dec 12 20:02:53 +0000 2017,0.262,0.0,@BBCWorld,Egypt singer jailed for 'inciting debauchery' in music video https://t.co/WmdITtgOKp,87
0.0,Tue Dec 12 19:54:25 +0000 2017,0.0,0.0,@BBCWorld,Hunting the shipwrecks of the slave trade https://t.co/yThOgZ52E1 https://t.co/XSTp1vBAHN,88
-0.7906,Tue Dec 12 18:47:34 +0000 2017,0.304,0.0,@BBCWorld,"400,000 children in the Democratic Republic of Congo are suffering from malnutrition and could die within a year.… https://t.co/heeoir3dtI",89
-0.5574,Tue Dec 12 18:25:43 +0000 2017,0.286,0.0,@BBCWorld,Tractor driver destroys six speed cameras on Germany rampage https://t.co/2zd4vhVbVK,90
-0.7184,Tue Dec 12 17:43:43 +0000 2017,0.462,0.0,@BBCWorld,Trump accused of 'slut shaming' Senator Kirsten Gillibrand https://t.co/UBYEaCDjHY,91
-0.1779,Tue Dec 12 17:32:56 +0000 2017,0.13,0.106,@BBCWorld,"RT @bbcnadatawfik: Akayed Ullah's passport was found at his home. It had a hand written note that read ""O America, die in your rage."" The c…",92
-0.6486,Tue Dec 12 17:32:49 +0000 2017,0.17,0.0,@BBCWorld,RT @bbcnadatawfik: Akayed Ullah began researching how to build an IED online a year ago but only constructed bomb a week before the attack…,93
-0.9477,Tue Dec 12 17:31:28 +0000 2017,0.524,0.0,@BBCWorld,"RT @bbcnadatawfik: Akayed Ullah will face a federal judge just 1 day after failed suicide attack. According to a criminal complaint, He tol…",94
-0.296,Tue Dec 12 17:20:46 +0000 2017,0.336,0.185,@BBCWorld,France's National Front party charged over EU 'fake jobs' https://t.co/Ix9THBiAEP,95
-0.6249,Tue Dec 12 16:56:32 +0000 2017,0.369,0.0,@BBCWorld,Keaton Jones: Bullied boy's family faces backlash https://t.co/xrIZmWWOXf,96
0.0,Tue Dec 12 16:56:31 +0000 2017,0.0,0.0,@BBCWorld,'Face of climate change' https://t.co/q98KkAlT7S,97
-0.6705,Tue Dec 12 15:42:48 +0000 2017,0.31,0.0,@BBCWorld,Trafficking of pills used by suicide bombers soars in Sahel https://t.co/YajZRD8eIy,98
-0.2263,Tue Dec 12 15:42:48 +0000 2017,0.192,0.0,@BBCWorld,Honduras army moves in to quell post-election protests https://t.co/oxZBZVYhDl,99
-0.7351,Tue Dec 12 15:30:25 +0000 2017,0.228,0.0,@BBCWorld,"RT @BBCSport: Six more Russians have been banned for life from the Olympics in the latest punishment over doping in the country.

? https:/…",100
